away_team,away_team_id,calendar,checksum,competition,competition_format,decision,detail_url,duration_rule,event_end,event_start,external_id,home_team,home_team_id,kickoff,match_duration_minutes,match_end,match_number,match_type,postponed_to,publication_retention,source_url,status,team_category,team_id,team_name,team_role,venue_raw,venue_rule,warnings
SG Grün-Weiß Golm,02I9L45A5K000000VS5489B1VTAQ4EE6,Rasen,95c8a0b856df25e77cc0eb1438dd7898fb8016cd394aab5854c8be9012e24792,"Mi, | A-Junioren | Landesfreundschaftsspiele",friendly,include,https://www.fussball.de/spiel/schoenwalder-sv-sg-gruen-weiss-golm/-/spiel/031NC93R54000000VS5489BUVT2M8LCU,flb-jugendordnung-2025-12-13-a-2x45+halftime-15,2026-08-19T21:45+02:00,2026-08-19T18:00+02:00,031NC93R54000000VS5489BUVT2M8LCU,Schönwalder SV,02T7TD5NLG000000VS5489BSVU9LEHLB,2026-08-19T19:00+02:00,105,2026-08-19T20:45+02:00,810007031,FS,,{},https://www.fussball.de/ajax.club.matchplan/-/id/00ES8GNBL0000049VV0AG08LVUPGND5I/mode/PAGE/show-filter/false/show-venues/true/mime-type/HTML/datum-von/2026-07-01/datum-bis/2026-09-30/max/50,,A-Junioren | Landesfreundschaftsspiele,02T7TD5NLG000000VS5489BSVU9LEHLB,Schönwalder SV,home,"Rasenplatz, Sportplatz Schönwalde Strandbad, Platz 1, Kurmärkische Str. 2, 14621 Schönwalde-Glien",Rasen Schönwalde,[]
SG Bornim Ü40,01H7LGR4GO000000VV0AG80NVU1T6GD1,Rasen,7d81fb32ac0b24e46865469f6cf8154aade30e4ab28c7f9022e37bd36e8983d8,"Fr, | Herren Ü40 | Kreispokal",cup,include,https://www.fussball.de/spiel/schoenwalder-sv-ue40-sg-bornim-ue40/-/spiel/031C84AB5K000000VS5489BUVUR5FS5A,fk-havelland-ue40-2026-27-dfb-standard+halftime-15,2026-08-21T21:45+02:00,2026-08-21T18:00+02:00,031C84AB5K000000VS5489BUVUR5FS5A,Schönwalder SV (Ü40),02PKVQDTEK000000VS5489B2VT4FEOV2,2026-08-21T19:00+02:00,105,2026-08-21T20:45+02:00,710029006,PO,,{},https://www.fussball.de/ajax.club.matchplan/-/id/00ES8GNBL0000049VV0AG08LVUPGND5I/mode/PAGE/show-filter/false/show-venues/true/mime-type/HTML/datum-von/2026-07-01/datum-bis/2026-09-30/max/50,,Herren Ü40 | Kreispokal,02PKVQDTEK000000VS5489B2VT4FEOV2,Schönwalder SV (Ü40),home,"Rasenplatz, Sportplatz Schönwalde Strandbad, Platz 1, Kurmärkische Str. 2, 14621 Schönwalde-Glien",Rasen Schönwalde,[]
FC Schwedt 02,01KQKN6M8K000000VV0AG811VSVU41QE,Rasen,93107c551087d318a39a2f654be7129310ee2db605f301825b19fe4067b8290a,"Sa, | A-Junioren | Landesklasse",league,include,https://www.fussball.de/spiel/schoenwalder-sv-fc-schwedt-02-a-junioren/-/spiel/031HB5BAAS000000VS5489BTVVG7L386,flb-jugendordnung-2025-12-13-a-2x45+halftime-15,2026-08-29T14:45+02:00,2026-08-29T11:00+02:00,031HB5BAAS000000VS5489BTVVG7L386,Schönwalder SV,02T7TD5NLG000000VS5489BSVU9LEHLB,2026-08-29T12:00+02:00,105,2026-08-29T13:45+02:00,610142005,ME,,{},https://www.fussball.de/ajax.club.matchplan/-/id/00ES8GNBL0000049VV0AG08LVUPGND5I/mode/PAGE/show-filter/false/show-venues/true/mime-type/HTML/datum-von/2026-07-01/datum-bis/2026-09-30/max/50,,A-Junioren | Landesklasse,02T7TD5NLG000000VS5489BSVU9LEHLB,Schönwalder SV,home,"Rasenplatz, Sportplatz Schönwalde Strandbad, Platz 1, Kurmärkische Str. 2, 14621 Schönwalde-Glien",Rasen Schönwalde,[]
SV Grün-Weiss Brieselang Ü40,02I8BG3NRC000000VS5489B1VTAQ4EE6,Kunstrasen,4e840bad7307fda917381407cb0a633433e6e5cf8fce278b0e48baaca8a21d67,"Fr, | Herren Ü40 | Kreisliga",league,include,https://www.fussball.de/spiel/schoenwalder-sv-ue40-sv-gruen-weiss-brieselang-ue40/-/spiel/031DB86VLC000000VS5489BUVUR5FS5A,fk-havelland-ue40-2026-27-dfb-standard+halftime-15,2026-09-04T21:15+02:00,2026-09-04T17:30+02:00,031DB86VLC000000VS5489BUVUR5FS5A,Schönwalder SV (Ü40),02PKVQDTEK000000VS5489B2VT4FEOV2,2026-09-04T18:30+02:00,105,2026-09-04T20:15+02:00,610436008,ME,,{},https://www.fussball.de/ajax.club.matchplan/-/id/00ES8GNBL0000049VV0AG08LVUPGND5I/mode/PAGE/show-filter/false/show-venues/true/mime-type/HTML/datum-von/2026-07-01/datum-bis/2026-09-30/max/50,,Herren Ü40 | Kreisliga,02PKVQDTEK000000VS5489B2VT4FEOV2,Schönwalder SV (Ü40),home,"Kunstrasenplatz, Sportplatz Schönwalde Strandbad, Platz 2, KR, Kurmärkische Str. 2, 14621 Schönwalde-Glien",Kunstrasen Schönwalde,[]
VfL Nauen II,011MI9UBJO000000VTVG0001VTR8C1K7,Rasen,7b2a449d8c6311dbe642ebaef7e383d7adb6846bc9391a0cf6cf79780bfc7816,Herren | Kreisliga,league,include,https://www.fussball.de/spiel/spielgemeinschaft-schoenwalde-perwenitz-paaren-vfl-nauen-ii/-/spiel/031DP96C58000000VS5489BUVUR5FS5A,dfb-regel-7-herren-2x45+halftime-15,2026-09-04T22:45+02:00,2026-09-04T19:00+02:00,031DP96C58000000VS5489BUVUR5FS5A,Spielgemeinschaft Schönwalde-Perwenitz-Paaren,011MIARJNS000000VTVG0001VTR8C1K7,2026-09-04T20:00+02:00,105,2026-09-04T21:45+02:00,610479015,ME,,{},https://www.fussball.de/ajax.club.matchplan/-/id/00ES8GNBL0000049VV0AG08LVUPGND5I/mode/PAGE/show-filter/false/show-venues/true/mime-type/HTML/datum-von/2026-07-01/datum-bis/2026-09-30/max/50,,Herren | Kreisliga,011MIARJNS000000VTVG0001VTR8C1K7,Spielgemeinschaft Schönwalde-Perwenitz-Paaren,home,"Rasenplatz, Sportplatz Schönwalde Strandbad, Platz 1, Kurmärkische Str. 2, 14621 Schönwalde-Glien",Rasen Schönwalde,"[""Mehrfachdarstellung im Vereinsspielplan automatisch zusammengeführt""]"
Potsdamer Kickers 94 (9er) II,02PM07AVVS000000VS5489B1VS5DN01P,Rasen,d192c726227752a8fc18622158d8e62c3f25a09498f64f1b6be3016be89c9374,C-Junioren | 2.Kreisklasse,league,include,https://www.fussball.de/spiel/schoenwalder-sv-9er-potsdamer-kickers-94-9er-ii/-/spiel/031MFGE2K8000000VS5489BUVVKNMR0J,flb-jugendordnung-2025-12-13-c-2x35+halftime-15,2026-09-05T12:25+02:00,2026-09-05T09:00+02:00,031MFGE2K8000000VS5489BUVVKNMR0J,Schönwalder SV (9er),031A57Q7PG000000VS5489BSVU0ORN69,2026-09-05T10:00+02:00,85,2026-09-05T11:25+02:00,610215002,ME,,{},https://www.fussball.de/ajax.club.matchplan/-/id/00ES8GNBL0000049VV0AG08LVUPGND5I/mode/PAGE/show-filter/false/show-venues/true/mime-type/HTML/datum-von/2026-07-01/datum-bis/2026-09-30/max/50,,C-Junioren | 2.Kreisklasse,031A57Q7PG000000VS5489BSVU0ORN69,Schönwalder SV (9er),home,"Rasenplatz, Sportplatz Schönwalde Strandbad, Platz 1, Kurmärkische Str. 2, 14621 Schönwalde-Glien",Rasen Schönwalde,[]
SG Blau-Weiß Pessin,02TBBEAU8S000000VS5489BRVTHNGU03,Kunstrasen,5811297c5dc136718ee9cee318b6b71370f77c6d384d8104231fc6b78f6c36d9,"Sa, | D-Junioren | 1.Kreisklasse",league,include,https://www.fussball.de/spiel/schoenwalder-sv-sg-blau-weiss-pessin/-/spiel/031MGSR39C000000VS5489BUVVKNMR0J,flb-jugendordnung-2025-12-13-d-2x30+halftime-15,2026-09-05T12:15+02:00,2026-09-05T09:00+02:00,031MGSR39C000000VS5489BUVVKNMR0J,Schönwalder SV,01S69BH0IK000000VS548985VUL18RL3,2026-09-05T10:00+02:00,75,2026-09-05T11:15+02:00,610300002,ME,,{},https://www.fussball.de/ajax.club.matchplan/-/id/00ES8GNBL0000049VV0AG08LVUPGND5I/mode/PAGE/show-filter/false/show-venues/true/mime-type/HTML/datum-von/2026-07-01/datum-bis/2026-09-30/max/50,,D-Junioren | 1.Kreisklasse,01S69BH0IK000000VS548985VUL18RL3,Schönwalder SV,home,"Kunstrasenplatz, Sportplatz Schönwalde Strandbad, Platz 2, KR, Kurmärkische Str. 2, 14621 Schönwalde-Glien",Kunstrasen Schönwalde,[]
Oranienburger FC Eintracht,011MIEH5CS000000VTVG0001VTR8C1K7,Rasen,11f884087aeb3e6ec7b2882530a6a85d9c48368eeb8cf113a4b5ba04725a8443,A-Junioren | Landesklasse,league,include,https://www.fussball.de/spiel/schoenwalder-sv-oranienburger-fc-eintracht-u19/-/spiel/031HB5B9Q0000000VS5489BTVVG7L386,flb-jugendordnung-2025-12-13-a-2x45+halftime-15,2026-09-12T13:45+02:00,2026-09-12T10:00+02:00,031HB5B9Q0000000VS5489BTVVG7L386,Schönwalder SV,02T7TD5NLG000000VS5489BSVU9LEHLB,2026-09-12T11:00+02:00,105,2026-09-12T12:45+02:00,610142017,ME,,{},https://www.fussball.de/ajax.club.matchplan/-/id/00ES8GNBL0000049VV0AG08LVUPGND5I/mode/PAGE/show-filter/false/show-venues/true/mime-type/HTML/datum-von/2026-07-01/datum-bis/2026-09-30/max/50,,A-Junioren | Landesklasse,02T7TD5NLG000000VS5489BSVU9LEHLB,Schönwalder SV,home,"Rasenplatz, Sportplatz Schönwalde Strandbad, Platz 1, Kurmärkische Str. 2, 14621 Schönwalde-Glien",Rasen Schönwalde,[]
TSV Perwenitz (9er),02TB103KFC000000VS5489BSVV9JRPRB,Rasen,330f1b0f98be1687c186a3bc5e9822e201fa9b35e0e4bbacff434a8d6f9605a2,"Sa, | C-Junioren | 2.Kreisklasse",league,include,https://www.fussball.de/spiel/schoenwalder-sv-9er-tsv-perwenitz-9er/-/spiel/031MFGE2RO000000VS5489BUVVKNMR0J,flb-jugendordnung-2025-12-13-c-2x35+halftime-15,2026-09-19T12:25+02:00,2026-09-19T09:00+02:00,031MFGE2RO000000VS5489BUVVKNMR0J,Schönwalder SV (9er),031A57Q7PG000000VS5489BSVU0ORN69,2026-09-19T10:00+02:00,85,2026-09-19T11:25+02:00,610215010,ME,,{},https://www.fussball.de/ajax.club.matchplan/-/id/00ES8GNBL0000049VV0AG08LVUPGND5I/mode/PAGE/show-filter/false/show-venues/true/mime-type/HTML/datum-von/2026-07-01/datum-bis/2026-09-30/max/50,,C-Junioren | 2.Kreisklasse,031A57Q7PG000000VS5489BSVU0ORN69,Schönwalder SV (9er),home,"Rasenplatz, Sportplatz Schönwalde Strandbad, Platz 1, Kurmärkische Str. 2, 14621 Schönwalde-Glien",Rasen Schönwalde,[]
ESV Lok Elstal I,011MIBNPPG000000VTVG0001VTR8C1K7,Kunstrasen,49e254f0f43e0858edc56f12824e9b20de0e84ddaf2f1ac3716b55dc566f7373,D-Junioren | 1.Kreisklasse,league,include,https://www.fussball.de/spiel/schoenwalder-sv-esv-lok-elstal-i/-/spiel/031MGSR2UC000000VS5489BUVVKNMR0J,flb-jugendordnung-2025-12-13-d-2x30+halftime-15,2026-09-19T12:15+02:00,2026-09-19T09:00+02:00,031MGSR2UC000000VS5489BUVVKNMR0J,Schönwalder SV,01S69BH0IK000000VS548985VUL18RL3,2026-09-19T10:00+02:00,75,2026-09-19T11:15+02:00,610300012,ME,,{},https://www.fussball.de/ajax.club.matchplan/-/id/00ES8GNBL0000049VV0AG08LVUPGND5I/mode/PAGE/show-filter/false/show-venues/true/mime-type/HTML/datum-von/2026-07-01/datum-bis/2026-09-30/max/50,,D-Junioren | 1.Kreisklasse,01S69BH0IK000000VS548985VUL18RL3,Schönwalder SV,home,"Kunstrasenplatz, Sportplatz Schönwalde Strandbad, Platz 2, KR, Kurmärkische Str. 2, 14621 Schönwalde-Glien",Kunstrasen Schönwalde,[]
"Schönwalder SV 53 I (Fussball-3, 2019)",011KGG85I0000000VTVG0001VSK3M9SE,Rasen,c16578b08c830ef265a314f1360dc7d7dfe8454d992b3ccc242c169565aa50ba,F-Junioren | Kinderfußball,festival,include,https://www.fussball.de/spieltag/schoenwalder-sv-53-i-fussball-3-2019/-/staffel/031LO5V9MC00000CVS5489BTVSRD0UH9-G,ssv53-festival-unclear-duration-90-20260831,2026-09-19T16:30+02:00,2026-09-19T13:00+02:00,610015371,"Schönwalder SV 53 I (Fussball-3, 2019) - Kinderfestival",,2026-09-19T14:00+02:00,90,2026-09-19T15:30+02:00,610015371,ME,,{},https://www.fussball.de/ajax.club.matchplan/-/id/00ES8GNBL0000049VV0AG08LVUPGND5I/mode/PAGE/show-filter/false/show-venues/true/mime-type/HTML/datum-von/2026-07-01/datum-bis/2026-09-30/max/50,,F-Junioren | Kinderfußball,011KGG85I0000000VTVG0001VSK3M9SE,"Schönwalder SV 53 I (Fussball-3, 2019)",away,"Rasenplatz, Sportplatz Schönwalde Strandbad, Platz 1, Kurmärkische Str. 2, 14621 Schönwalde-Glien",Rasen Schönwalde,[]
Eintracht Falkensee II (9er),0311QE12MC000000VS5489BRVV9R0K3A,Rasen,5501b7b8d3ea8f099d07492b46e075b8c9230a4b9b65610f8c93d01aede10324,"Sa, | C-Junioren | 2.Kreisklasse",league,include,https://www.fussball.de/spiel/schoenwalder-sv-9er-eintracht-falkensee-ii-9er/-/spiel/031MFGE2VC000000VS5489BUVVKNMR0J,flb-jugendordnung-2025-12-13-c-2x35+halftime-15,2026-09-26T12:25+02:00,2026-09-26T09:00+02:00,031MFGE2VC000000VS5489BUVVKNMR0J,Schönwalder SV (9er),031A57Q7PG000000VS5489BSVU0ORN69,2026-09-26T10:00+02:00,85,2026-09-26T11:25+02:00,610215014,ME,,{},https://www.fussball.de/ajax.club.matchplan/-/id/00ES8GNBL0000049VV0AG08LVUPGND5I/mode/PAGE/show-filter/false/show-venues/true/mime-type/HTML/datum-von/2026-07-01/datum-bis/2026-09-30/max/50,,C-Junioren | 2.Kreisklasse,031A57Q7PG000000VS5489BSVU0ORN69,Schönwalder SV (9er),home,"Rasenplatz, Sportplatz Schönwalde Strandbad, Platz 1, Kurmärkische Str. 2, 14621 Schönwalde-Glien",Rasen Schönwalde,[]
SV Concordia Nowawes 06,023I6E2EDS000000VS548985VU14N0BQ,Rasen,4348e536dde00717a5f6d50d910af6621b634e78d0752909e133f7bc60cb7db4,A-Junioren | Brandenburg-Pokal,cup,include,https://www.fussball.de/spiel/schoenwalder-sv-sv-concordia-nowawes-06/-/spiel/031O4JQIM4000000VS5489BUVT2M8LCU,flb-jugendordnung-2025-12-13-a-2x45+halftime-15+cup-max-30,2026-09-27T13:45+02:00,2026-09-27T09:30+02:00,031O4JQIM4000000VS5489BUVT2M8LCU,Schönwalder SV 53,02T7TD5NLG000000VS5489BSVU9LEHLB,2026-09-27T10:30+02:00,135,2026-09-27T12:45+02:00,710076002,PO,,{},https://www.fussball.de/ajax.club.matchplan/-/id/00ES8GNBL0000049VV0AG08LVUPGND5I/mode/PAGE/show-filter/false/show-venues/true/mime-type/HTML/datum-von/2026-07-01/datum-bis/2026-09-30/max/50,,A-Junioren | Brandenburg-Pokal,02T7TD5NLG000000VS5489BSVU9LEHLB,Schönwalder SV 53,home,"Rasenplatz, Sportplatz Schönwalde Strandbad, Platz 1, Kurmärkische Str. 2, 14621 Schönwalde-Glien",Rasen Schönwalde,[]
"Schönwalder SV 53 II (Fussball-5, 2017)",01OFNF8544000000VV0AG80NVUUTMIT0,Rasen,76ce43c9327c781fbee88111ed0c85a0ad6375d1ada2f5071640a29fa7ff5c4a,E-Junioren | Kinderfußball,festival,include,https://www.fussball.de/spieltag/schoenwalder-sv-53-ii-fussball-5-2017/-/staffel/031LOV8CUC00000KVS5489BTVSRD0UH9-G,ssv53-e-festival-90-including-breaks-20260831,2026-09-27T16:00+02:00,2026-09-27T12:30+02:00,610018461,"Schönwalder SV 53 II (Fussball-5, 2017) - Kinderfestival",,2026-09-27T13:30+02:00,90,2026-09-27T15:00+02:00,610018461,ME,,{},https://www.fussball.de/ajax.club.matchplan/-/id/00ES8GNBL0000049VV0AG08LVUPGND5I/mode/PAGE/show-filter/false/show-venues/true/mime-type/HTML/datum-von/2026-07-01/datum-bis/2026-09-30/max/50,,E-Junioren | Kinderfußball,01OFNF8544000000VV0AG80NVUUTMIT0,"Schönwalder SV 53 II (Fussball-5, 2017)",away,"Rasenplatz, Sportplatz Schönwalde Strandbad, Platz 1, Kurmärkische Str. 2, 14621 Schönwalde-Glien",Rasen Schönwalde,[]
"Schönwalder SV 53 I (Fussball-5, 2016)",01KPKBA8F8000000VV0AG811VSVU41QE,Rasen,1254907c7f8c4761478f0e2786a3e8f11a1077a0481ec87eaf292e46fcc904f3,E-Junioren | Kinderfußball,festival,include,https://www.fussball.de/spieltag/schoenwalder-sv-53-i-fussball-5-2016/-/staffel/031LOV8CUC00000JVS5489BTVSRD0UH9-G,ssv53-e-festival-90-including-breaks-20260831,2026-09-27T18:00+02:00,2026-09-27T14:30+02:00,610018452,"Schönwalder SV 53 I (Fussball-5, 2016) - Kinderfestival",,2026-09-27T15:30+02:00,90,2026-09-27T17:00+02:00,610018452,ME,,{},https://www.fussball.de/ajax.club.matchplan/-/id/00ES8GNBL0000049VV0AG08LVUPGND5I/mode/PAGE/show-filter/false/show-venues/true/mime-type/HTML/datum-von/2026-07-01/datum-bis/2026-09-30/max/50,,E-Junioren | Kinderfußball,01KPKBA8F8000000VV0AG811VSVU41QE,"Schönwalder SV 53 I (Fussball-5, 2016)",away,"Rasenplatz, Sportplatz Schönwalde Strandbad, Platz 1, Kurmärkische Str. 2, 14621 Schönwalde-Glien",Rasen Schönwalde,[]
SV Dallgow 47,02PKTPROMG000000VS5489B1VS5DN01P,Rasen,385ca86307671191236f8c17dcfbe88f6eb7d1fd2e2fbb54425a8340dfa3816d,"Fr, | Herren Ü40 | Kreisliga",league,include,https://www.fussball.de/spiel/schoenwalder-sv-ue40-sv-dallgow-47/-/spiel/031DB86VDS000000VS5489BUVUR5FS5A,fk-havelland-ue40-2026-27-dfb-standard+halftime-15,2026-10-02T21:45+02:00,2026-10-02T18:00+02:00,031DB86VDS000000VS5489BUVUR5FS5A,Schönwalder SV (Ü40),02PKVQDTEK000000VS5489B2VT4FEOV2,2026-10-02T19:00+02:00,105,2026-10-02T20:45+02:00,610436016,ME,,{},https://www.fussball.de/ajax.club.matchplan/-/id/00ES8GNBL0000049VV0AG08LVUPGND5I/mode/PAGE/show-filter/false/show-venues/true/mime-type/HTML/datum-von/2026-10-01/datum-bis/2026-12-31/max/50,,Herren Ü40 | Kreisliga,02PKVQDTEK000000VS5489B2VT4FEOV2,Schönwalder SV (Ü40),home,"Rasenplatz, Sportplatz Schönwalde Strandbad, Platz 1, Kurmärkische Str. 2, 14621 Schönwalde-Glien",Rasen Schönwalde,[]
SpG BSC Rathenow/​SV Großwudicke,02IAM2DL7S000000VS5489B2VSVC88K8,Kunstrasen,79b87566f30374ef8e458e028d66f7584b2c95d30a41fa3101ffce8f8e00508d,"So, | D-Junioren | 1.Kreisklasse",league,include,https://www.fussball.de/spiel/schoenwalder-sv-spg-bsc-rathenow-sv-grosswudicke/-/spiel/031MGSR2LC000000VS5489BUVVKNMR0J,flb-jugendordnung-2025-12-13-d-2x30+halftime-15,2026-10-04T13:15+02:00,2026-10-04T10:00+02:00,031MGSR2LC000000VS5489BUVVKNMR0J,Schönwalder SV,01S69BH0IK000000VS548985VUL18RL3,2026-10-04T11:00+02:00,75,2026-10-04T12:15+02:00,610300022,ME,,{},https://www.fussball.de/ajax.club.matchplan/-/id/00ES8GNBL0000049VV0AG08LVUPGND5I/mode/PAGE/show-filter/false/show-venues/true/mime-type/HTML/datum-von/2026-10-01/datum-bis/2026-12-31/max/50,,D-Junioren | 1.Kreisklasse,01S69BH0IK000000VS548985VUL18RL3,Schönwalder SV,home,"Kunstrasenplatz, Sportplatz Schönwalde Strandbad, Platz 2, KR, Kurmärkische Str. 2, 14621 Schönwalde-Glien",Kunstrasen Schönwalde,[]
RSV Eintracht 1949 U23,011MIBRREG000000VTVG0001VTR8C1K7,Rasen,cb5cb5d08dfd7926c9e378212e58bcf30423ff6cdb99aa4c078c5d30df565654,Herren | Kreispokal,cup,include,https://www.fussball.de/spiel/spielgemeinschaft-schoenwalde-perwenitz-paaren-rsv-eintracht-1949-u23/-/spiel/0320RDKT9S000000VS5489BTVT7QHFUC,dfb-regel-7-herren-2x45+halftime-15,2026-10-04T16:45+02:00,2026-10-04T13:00+02:00,0320RDKT9S000000VS5489BTVT7QHFUC,Spielgemeinschaft Schönwalde-Perwenitz-Paaren,011MIARJNS000000VTVG0001VTR8C1K7,2026-10-04T14:00+02:00,105,2026-10-04T15:45+02:00,710089074,PO,,{},https://www.fussball.de/ajax.club.matchplan/-/id/00ES8GNBL0000049VV0AG08LVUPGND5I/mode/PAGE/show-filter/false/show-venues/true/mime-type/HTML/datum-von/2026-10-01/datum-bis/2026-12-31/max/50,,Herren | Kreispokal,011MIARJNS000000VTVG0001VTR8C1K7,Spielgemeinschaft Schönwalde-Perwenitz-Paaren,home,"Rasenplatz, Sportplatz Schönwalde Strandbad, Platz 1, Kurmärkische Str. 2, 14621 Schönwalde-Glien",Rasen Schönwalde,[]
SV Dallgow 47 (9er),011MIA3TTO000000VTVG0001VTR8C1K7,Rasen,2647880e2b05caee0f911a42c57dbb892396bfff8f2633fbf92cb84010ac736c,"Do, | C-Junioren | 2.Kreisklasse",league,include,https://www.fussball.de/spiel/schoenwalder-sv-9er-sv-dallgow-47-i-9er/-/spiel/031MFGE2PG000000VS5489BUVVKNMR0J,flb-jugendordnung-2025-12-13-c-2x35+halftime-15,2026-10-08T20:25+02:00,2026-10-08T17:00+02:00,031MFGE2PG000000VS5489BUVVKNMR0J,Schönwalder SV (9er),031A57Q7PG000000VS5489BSVU0ORN69,2026-10-08T18:00+02:00,85,2026-10-08T19:25+02:00,610215008,ME,,{},https://www.fussball.de/ajax.club.matchplan/-/id/00ES8GNBL0000049VV0AG08LVUPGND5I/mode/PAGE/show-filter/false/show-venues/true/mime-type/HTML/datum-von/2026-10-01/datum-bis/2026-12-31/max/50,,C-Junioren | 2.Kreisklasse,031A57Q7PG000000VS5489BSVU0ORN69,Schönwalder SV (9er),home,"Rasenplatz, Sportplatz Schönwalde Strandbad, Platz 1, Kurmärkische Str. 2, 14621 Schönwalde-Glien",Rasen Schönwalde,"[""Mehrfachdarstellung im Vereinsspielplan automatisch zusammengeführt""]"
SG Grün-Weiß Rehfelde,0318S4RIF0000000VS5489BSVU0ORN69,Rasen,266ce99a2cc2be462d78396139e6f065f643115e147f121829600c40aadb5013,A-Junioren | Landesklasse,league,include,https://www.fussball.de/spiel/schoenwalder-sv-sg-gruen-weiss-rehfelde/-/spiel/031HB5B99O000000VS5489BTVVG7L386,flb-jugendordnung-2025-12-13-a-2x45+halftime-15,2026-10-10T13:45+02:00,2026-10-10T10:00+02:00,031HB5B99O000000VS5489BTVVG7L386,Schönwalder SV,02T7TD5NLG000000VS5489BSVU9LEHLB,2026-10-10T11:00+02:00,105,2026-10-10T12:45+02:00,610142035,ME,,{},https://www.fussball.de/ajax.club.matchplan/-/id/00ES8GNBL0000049VV0AG08LVUPGND5I/mode/PAGE/show-filter/false/show-venues/true/mime-type/HTML/datum-von/2026-10-01/datum-bis/2026-12-31/max/50,,A-Junioren | Landesklasse,02T7TD5NLG000000VS5489BSVU9LEHLB,Schönwalder SV,home,"Rasenplatz, Sportplatz Schönwalde Strandbad, Platz 1, Kurmärkische Str. 2, 14621 Schönwalde-Glien",Rasen Schönwalde,[]
FC Rot-Weiß Nennhausen,01S5VKUGB0000000VS548985VUL18RL3,Rasen,81e34561549d260f140b8635caf3602864b96c9a44d5f3c07aadeb2c1382a569,"So, | Herren | Kreisliga",league,include,https://www.fussball.de/spiel/spielgemeinschaft-schoenwalde-perwenitz-paaren-fc-rot-weiss-nennhausen/-/spiel/031DP96EHK000000VS5489BUVUR5FS5A,dfb-regel-7-herren-2x45+halftime-15,2026-10-18T16:45+02:00,2026-10-18T13:00+02:00,031DP96EHK000000VS5489BUVUR5FS5A,Spielgemeinschaft Schönwalde-Perwenitz-Paaren,011MIARJNS000000VTVG0001VTR8C1K7,2026-10-18T14:00+02:00,105,2026-10-18T15:45+02:00,610479063,ME,,{},https://www.fussball.de/ajax.club.matchplan/-/id/00ES8GNBL0000049VV0AG08LVUPGND5I/mode/PAGE/show-filter/false/show-venues/true/mime-type/HTML/datum-von/2026-10-01/datum-bis/2026-12-31/max/50,,Herren | Kreisliga,011MIARJNS000000VTVG0001VTR8C1K7,Spielgemeinschaft Schönwalde-Perwenitz-Paaren,home,"Rasenplatz, Sportplatz Schönwalde Strandbad, Platz 1, Kurmärkische Str. 2, 14621 Schönwalde-Glien",Rasen Schönwalde,[]
SV Blau-Weiß Damsdorf,011MIAJLF8000000VTVG0001VTR8C1K7,Rasen,564ff3bf0328a80b9dc87028917e96ea80d26bab6f8e1862c01ec9f4d781e402,"So, | Herren | Kreisliga",league,include,https://www.fussball.de/spiel/spielgemeinschaft-schoenwalde-perwenitz-paaren-sv-blau-weiss-damsdorf/-/spiel/031DP96DRK000000VS5489BUVUR5FS5A,dfb-regel-7-herren-2x45+halftime-15,2026-11-01T16:45+01:00,2026-11-01T13:00+01:00,031DP96DRK000000VS5489BUVUR5FS5A,Spielgemeinschaft Schönwalde-Perwenitz-Paaren,011MIARJNS000000VTVG0001VTR8C1K7,2026-11-01T14:00+01:00,105,2026-11-01T15:45+01:00,610479079,ME,,{},https://www.fussball.de/ajax.club.matchplan/-/id/00ES8GNBL0000049VV0AG08LVUPGND5I/mode/PAGE/show-filter/false/show-venues/true/mime-type/HTML/datum-von/2026-10-01/datum-bis/2026-12-31/max/50,,Herren | Kreisliga,011MIARJNS000000VTVG0001VTR8C1K7,Spielgemeinschaft Schönwalde-Perwenitz-Paaren,home,"Rasenplatz, Sportplatz Schönwalde Strandbad, Platz 1, Kurmärkische Str. 2, 14621 Schönwalde-Glien",Rasen Schönwalde,[]
SV Falkensee-Finkenkrug,02EIA4DI38000000VS5489B2VS183IS6,Rasen,f6ffd7ab5f12ab282b141af118a408037fda6137c3c9b3207e33419246a2392f,"Fr, | Herren Ü40 | Kreisliga",league,include,https://www.fussball.de/spiel/schoenwalder-sv-ue40-sv-falkensee-finkenkrug/-/spiel/031DB86V6S000000VS5489BUVUR5FS5A,fk-havelland-ue40-2026-27-dfb-standard+halftime-15,2026-11-06T21:45+01:00,2026-11-06T18:00+01:00,031DB86V6S000000VS5489BUVUR5FS5A,Schönwalder SV (Ü40),02PKVQDTEK000000VS5489B2VT4FEOV2,2026-11-06T19:00+01:00,105,2026-11-06T20:45+01:00,610436024,ME,,{},https://www.fussball.de/ajax.club.matchplan/-/id/00ES8GNBL0000049VV0AG08LVUPGND5I/mode/PAGE/show-filter/false/show-venues/true/mime-type/HTML/datum-von/2026-10-01/datum-bis/2026-12-31/max/50,,Herren Ü40 | Kreisliga,02PKVQDTEK000000VS5489B2VT4FEOV2,Schönwalder SV (Ü40),home,"Rasenplatz, Sportplatz Schönwalde Strandbad, Platz 1, Kurmärkische Str. 2, 14621 Schönwalde-Glien",Rasen Schönwalde,[]
FV Erkner 1920,01D8SC7DKK000000VV0AG80NVUGKJV47,Rasen,af0abc8f3ab3831dc91b06568e620637f199c9d073b2d26c1e2f8a11958a57f9,"Sa, | A-Junioren | Landesklasse",league,include,https://www.fussball.de/spiel/schoenwalder-sv-fv-erkner-1920/-/spiel/031HB5B8QK000000VS5489BTVVG7L386,flb-jugendordnung-2025-12-13-a-2x45+halftime-15,2026-11-14T13:45+01:00,2026-11-14T10:00+01:00,031HB5B8QK000000VS5489BTVVG7L386,Schönwalder SV,02T7TD5NLG000000VS5489BSVU9LEHLB,2026-11-14T11:00+01:00,105,2026-11-14T12:45+01:00,610142047,ME,,{},https://www.fussball.de/ajax.club.matchplan/-/id/00ES8GNBL0000049VV0AG08LVUPGND5I/mode/PAGE/show-filter/false/show-venues/true/mime-type/HTML/datum-von/2026-10-01/datum-bis/2026-12-31/max/50,,A-Junioren | Landesklasse,02T7TD5NLG000000VS5489BSVU9LEHLB,Schönwalder SV,home,"Rasenplatz, Sportplatz Schönwalde Strandbad, Platz 1, Kurmärkische Str. 2, 14621 Schönwalde-Glien",Rasen Schönwalde,[]
FC Borussia Brandenburg II,011MIEQFSS000000VTVG0001VTR8C1K7,Rasen,05a685dd7e81d16b9dab4791e705b4316bd3d959f515193706f1d5461cbfe5e4,"So, | Herren | Kreisliga",league,include,https://www.fussball.de/spiel/spielgemeinschaft-schoenwalde-perwenitz-paaren-fc-borussia-brandenburg-ii/-/spiel/031DP96D60000000VS5489BUVUR5FS5A,dfb-regel-7-herren-2x45+halftime-15,2026-11-15T16:45+01:00,2026-11-15T13:00+01:00,031DP96D60000000VS5489BUVUR5FS5A,Spielgemeinschaft Schönwalde-Perwenitz-Paaren,011MIARJNS000000VTVG0001VTR8C1K7,2026-11-15T14:00+01:00,105,2026-11-15T15:45+01:00,610479095,ME,,{},https://www.fussball.de/ajax.club.matchplan/-/id/00ES8GNBL0000049VV0AG08LVUPGND5I/mode/PAGE/show-filter/false/show-venues/true/mime-type/HTML/datum-von/2026-10-01/datum-bis/2026-12-31/max/50,,Herren | Kreisliga,011MIARJNS000000VTVG0001VTR8C1K7,Spielgemeinschaft Schönwalde-Perwenitz-Paaren,home,"Rasenplatz, Sportplatz Schönwalde Strandbad, Platz 1, Kurmärkische Str. 2, 14621 Schönwalde-Glien",Rasen Schönwalde,[]
SV Falkensee-Finkenkrug III,011MICTOLO000000VTVG0001VTR8C1K7,Kunstrasen,e1f6cb788c10d3f24aec6df9a1a99c94b286463ce0b9c0315431a5348ac421b1,D-Junioren | 1.Kreisklasse,league,include,https://www.fussball.de/spiel/schoenwalder-sv-sv-falkensee-finkenkrug-iii/-/spiel/031MGSR294000000VS5489BUVVKNMR0J,flb-jugendordnung-2025-12-13-d-2x30+halftime-15,2026-11-21T12:15+01:00,2026-11-21T09:00+01:00,031MGSR294000000VS5489BUVVKNMR0J,Schönwalder SV,01S69BH0IK000000VS548985VUL18RL3,2026-11-21T10:00+01:00,75,2026-11-21T11:15+01:00,610300037,ME,,{},https://www.fussball.de/ajax.club.matchplan/-/id/00ES8GNBL0000049VV0AG08LVUPGND5I/mode/PAGE/show-filter/false/show-venues/true/mime-type/HTML/datum-von/2026-10-01/datum-bis/2026-12-31/max/50,,D-Junioren | 1.Kreisklasse,01S69BH0IK000000VS548985VUL18RL3,Schönwalder SV,home,"Kunstrasenplatz, Sportplatz Schönwalde Strandbad, Platz 2, KR, Kurmärkische Str. 2, 14621 Schönwalde-Glien",Kunstrasen Schönwalde,[]
MSV 1919 Neuruppin,030OTLPKMO000000VS5489BRVTOJ9IF5,Rasen,3448fc25b1eadf29841fefc2dab56499f922e1131a1b5c34970baab751869bad,"Sa, | A-Junioren | Landesklasse",league,include,https://www.fussball.de/spiel/schoenwalder-sv-msv-1919-neuruppin-u19/-/spiel/031HB5BAJS000000VS5489BTVVG7L386,flb-jugendordnung-2025-12-13-a-2x45+halftime-15,2026-11-28T13:45+01:00,2026-11-28T10:00+01:00,031HB5BAJS000000VS5489BTVVG7L386,Schönwalder SV,02T7TD5NLG000000VS5489BSVU9LEHLB,2026-11-28T11:00+01:00,105,2026-11-28T12:45+01:00,610142059,ME,,{},https://www.fussball.de/ajax.club.matchplan/-/id/00ES8GNBL0000049VV0AG08LVUPGND5I/mode/PAGE/show-filter/false/show-venues/true/mime-type/HTML/datum-von/2026-10-01/datum-bis/2026-12-31/max/50,,A-Junioren | Landesklasse,02T7TD5NLG000000VS5489BSVU9LEHLB,Schönwalder SV,home,"Rasenplatz, Sportplatz Schönwalde Strandbad, Platz 1, Kurmärkische Str. 2, 14621 Schönwalde-Glien",Rasen Schönwalde,[]
VfL Nauen/​SV Grün-Weiss Brieselang,0277CFCJJ4000000VS5489B1VSBHJ1NS,Rasen,d036aba6780fbd18b65c51d215af24239287d7bc3af3b5cc60ddcc403b95d938,"Sa, | A-Junioren | Landesklasse",league,include,https://www.fussball.de/spiel/schoenwalder-sv-vfl-nauen-sv-gruen-weiss-brieselang/-/spiel/031HB5B8DG000000VS5489BTVVG7L386,flb-jugendordnung-2025-12-13-a-2x45+halftime-15,2026-12-05T13:45+01:00,2026-12-05T10:00+01:00,031HB5B8DG000000VS5489BTVVG7L386,Schönwalder SV,02T7TD5NLG000000VS5489BSVU9LEHLB,2026-12-05T11:00+01:00,105,2026-12-05T12:45+01:00,610142065,ME,,{},https://www.fussball.de/ajax.club.matchplan/-/id/00ES8GNBL0000049VV0AG08LVUPGND5I/mode/PAGE/show-filter/false/show-venues/true/mime-type/HTML/datum-von/2026-10-01/datum-bis/2026-12-31/max/50,,A-Junioren | Landesklasse,02T7TD5NLG000000VS5489BSVU9LEHLB,Schönwalder SV,home,"Rasenplatz, Sportplatz Schönwalde Strandbad, Platz 1, Kurmärkische Str. 2, 14621 Schönwalde-Glien",Rasen Schönwalde,[]
SV Hohennauen,011MIBP1PG000000VTVG0001VTR8C1K7,Rasen,3392f8ef1146b3549360a4976dca4f142f39abb4dcc5ca46d66e9968e28872e3,"So, | Herren | Kreisliga",league,include,https://www.fussball.de/spiel/spielgemeinschaft-schoenwalde-perwenitz-paaren-sv-hohennauen/-/spiel/031DP96F8G000000VS5489BUVUR5FS5A,dfb-regel-7-herren-2x45+halftime-15,2026-12-13T15:45+01:00,2026-12-13T12:00+01:00,031DP96F8G000000VS5489BUVUR5FS5A,Spielgemeinschaft Schönwalde-Perwenitz-Paaren,011MIARJNS000000VTVG0001VTR8C1K7,2026-12-13T13:00+01:00,105,2026-12-13T14:45+01:00,610479047,ME,,{},https://www.fussball.de/ajax.club.matchplan/-/id/00ES8GNBL0000049VV0AG08LVUPGND5I/mode/PAGE/show-filter/false/show-venues/true/mime-type/HTML/datum-von/2026-10-01/datum-bis/2026-12-31/max/50,,Herren | Kreisliga,011MIARJNS000000VTVG0001VTR8C1K7,Spielgemeinschaft Schönwalde-Perwenitz-Paaren,home,"Rasenplatz, Sportplatz Schönwalde Strandbad, Platz 1, Kurmärkische Str. 2, 14621 Schönwalde-Glien",Rasen Schönwalde,"[""Mehrfachdarstellung im Vereinsspielplan automatisch zusammengeführt""]"
SC Victoria 1914 Templin,02754JV4N0000000VS5489B2VVRTHQ8E,Rasen,c2b548cb45fa425dd6e9a24b033a10a1cfb8c17cf3c18d7fdcaf3edc71a43060,"Sa, | A-Junioren | Landesklasse",league,include,https://www.fussball.de/spiel/schoenwalder-sv-sc-victoria-1914-templin/-/spiel/031HB5BEJS000000VS5489BTVVG7L386,flb-jugendordnung-2025-12-13-a-2x45+halftime-15,2027-02-27T13:45+01:00,2027-02-27T10:00+01:00,031HB5BEJS000000VS5489BTVVG7L386,Schönwalder SV,02T7TD5NLG000000VS5489BSVU9LEHLB,2027-02-27T11:00+01:00,105,2027-02-27T12:45+01:00,610142072,ME,,{},https://www.fussball.de/ajax.club.matchplan/-/id/00ES8GNBL0000049VV0AG08LVUPGND5I/mode/PAGE/show-filter/false/show-venues/true/mime-type/HTML/datum-von/2027-01-01/datum-bis/2027-03-31/max/50,,A-Junioren | Landesklasse,02T7TD5NLG000000VS5489BSVU9LEHLB,Schönwalder SV,home,"Rasenplatz, Sportplatz Schönwalde Strandbad, Platz 1, Kurmärkische Str. 2, 14621 Schönwalde-Glien",Rasen Schönwalde,[]
FC Deetz,011MIEGI3C000000VTVG0001VTR8C1K7,Rasen,60ddc4b3647728a6a8e9db98e1e8d5e976346e8e041b860ced6083f978b09f0e,"So, | Herren | Kreisliga",league,include,https://www.fussball.de/spiel/spielgemeinschaft-schoenwalde-perwenitz-paaren-fc-deetz-i/-/spiel/031DP96PJK000000VS5489BUVUR5FS5A,dfb-regel-7-herren-2x45+halftime-15,2027-02-28T16:45+01:00,2027-02-28T13:00+01:00,031DP96PJK000000VS5489BUVUR5FS5A,Spielgemeinschaft Schönwalde-Perwenitz-Paaren,011MIARJNS000000VTVG0001VTR8C1K7,2027-02-28T14:00+01:00,105,2027-02-28T15:45+01:00,610479136,ME,,{},https://www.fussball.de/ajax.club.matchplan/-/id/00ES8GNBL0000049VV0AG08LVUPGND5I/mode/PAGE/show-filter/false/show-venues/true/mime-type/HTML/datum-von/2027-01-01/datum-bis/2027-03-31/max/50,,Herren | Kreisliga,011MIARJNS000000VTVG0001VTR8C1K7,Spielgemeinschaft Schönwalde-Perwenitz-Paaren,home,"Rasenplatz, Sportplatz Schönwalde Strandbad, Platz 1, Kurmärkische Str. 2, 14621 Schönwalde-Glien",Rasen Schönwalde,[]
FSV 1950 Wachow/​Tremmen,011MIEU9LG000000VTVG0001VTR8C1K7,Rasen,8342ebfe44fdbe98be7892ad362d759be67a73eaa7a9e28c629a9216f464ed24,Herren | Kreisliga,league,include,https://www.fussball.de/spiel/spielgemeinschaft-schoenwalde-perwenitz-paaren-fsv-1950-wachow-tremmen/-/spiel/031DP96ORC000000VS5489BUVUR5FS5A,dfb-regel-7-herren-2x45+halftime-15,2027-03-07T17:45+01:00,2027-03-07T14:00+01:00,031DP96ORC000000VS5489BUVUR5FS5A,Spielgemeinschaft Schönwalde-Perwenitz-Paaren,011MIARJNS000000VTVG0001VTR8C1K7,2027-03-07T15:00+01:00,105,2027-03-07T16:45+01:00,610479143,ME,,{},https://www.fussball.de/ajax.club.matchplan/-/id/00ES8GNBL0000049VV0AG08LVUPGND5I/mode/PAGE/show-filter/false/show-venues/true/mime-type/HTML/datum-von/2027-01-01/datum-bis/2027-03-31/max/50,,Herren | Kreisliga,011MIARJNS000000VTVG0001VTR8C1K7,Spielgemeinschaft Schönwalde-Perwenitz-Paaren,home,"Rasenplatz, Sportplatz Schönwalde Strandbad, Platz 1, Kurmärkische Str. 2, 14621 Schönwalde-Glien",Rasen Schönwalde,[]
FC Strausberg,011MIBO66O000000VTVG0001VTR8C1K7,Rasen,cad84402e41dbc707633699fdd44396604bddfd66028213017d4ceefd0ab1f16,"Sa, | A-Junioren | Landesklasse",league,include,https://www.fussball.de/spiel/schoenwalder-sv-fc-strausberg/-/spiel/031HB5BDEG000000VS5489BTVVG7L386,flb-jugendordnung-2025-12-13-a-2x45+halftime-15,2027-03-13T13:45+01:00,2027-03-13T10:00+01:00,031HB5BDEG000000VS5489BTVVG7L386,Schönwalder SV,02T7TD5NLG000000VS5489BSVU9LEHLB,2027-03-13T11:00+01:00,105,2027-03-13T12:45+01:00,610142081,ME,,{},https://www.fussball.de/ajax.club.matchplan/-/id/00ES8GNBL0000049VV0AG08LVUPGND5I/mode/PAGE/show-filter/false/show-venues/true/mime-type/HTML/datum-von/2027-01-01/datum-bis/2027-03-31/max/50,,A-Junioren | Landesklasse,02T7TD5NLG000000VS5489BSVU9LEHLB,Schönwalder SV,home,"Rasenplatz, Sportplatz Schönwalde Strandbad, Platz 1, Kurmärkische Str. 2, 14621 Schönwalde-Glien",Rasen Schönwalde,[]
Eintracht Falkensee Ü40,02AU1A03O4000000VS5489B1VTFE8486,Rasen,e642739c6dffeca75bdb0249c574af2af4a2b5c1432df057f723ff1b9724d23d,"Fr, | Herren Ü40 | Kreisliga",league,include,https://www.fussball.de/spiel/schoenwalder-sv-ue40-eintracht-falkensee-ue40/-/spiel/031DB870D4000000VS5489BUVUR5FS5A,fk-havelland-ue40-2026-27-dfb-standard+halftime-15,2027-04-09T21:45+02:00,2027-04-09T18:00+02:00,031DB870D4000000VS5489BUVUR5FS5A,Schönwalder SV (Ü40),02PKVQDTEK000000VS5489B2VT4FEOV2,2027-04-09T19:00+02:00,105,2027-04-09T20:45+02:00,610436038,ME,,{},https://www.fussball.de/ajax.club.matchplan/-/id/00ES8GNBL0000049VV0AG08LVUPGND5I/mode/PAGE/show-filter/false/show-venues/true/mime-type/HTML/datum-von/2027-04-01/datum-bis/2027-06-30/max/50,,Herren Ü40 | Kreisliga,02PKVQDTEK000000VS5489B2VT4FEOV2,Schönwalder SV (Ü40),home,"Rasenplatz, Sportplatz Schönwalde Strandbad, Platz 1, Kurmärkische Str. 2, 14621 Schönwalde-Glien",Rasen Schönwalde,[]
SV Falkensee-Finkenkrug,02PJD5K8O8000000VS5489B1VUI2QQ8R,Rasen,ee427b8b6a8621a6d2ee05e6e5b6d0ae97128f4483feb1e43a06c72364bb4a4b,Herren Ü50 | Kreisliga,league,include,https://www.fussball.de/spiel/spg-perwenitz-schoenwalde-ue50-sv-falkensee-finkenkrug/-/spiel/031DB8NT0S000000VS5489BUVUR5FS5A,fk-havelland-ue50-2026-27-dfb-standard+halftime-15,2027-04-09T22:45+02:00,2027-04-09T19:00+02:00,031DB8NT0S000000VS5489BUVUR5FS5A,SpG Perwenitz/​Schönwalde Ü50,02PKT2MAOC000000VS5489B2VT4FEOV2,2027-04-09T20:00+02:00,105,2027-04-09T21:45+02:00,610090038,ME,,{},https://www.fussball.de/ajax.club.matchplan/-/id/00ES8GNBL0000049VV0AG08LVUPGND5I/mode/PAGE/show-filter/false/show-venues/true/mime-type/HTML/datum-von/2027-04-01/datum-bis/2027-06-30/max/50,,Herren Ü50 | Kreisliga,02PKT2MAOC000000VS5489B2VT4FEOV2,SpG Perwenitz/​Schönwalde Ü50,home,"Rasenplatz, Sportplatz Schönwalde Strandbad, Platz 1, Kurmärkische Str. 2, 14621 Schönwalde-Glien",Rasen Schönwalde,[]
SpG Klosterfelde/​Wandlitz/​Basdorf,02T94BGV6C000000VS5489BRVTHNGU03,Rasen,7dbaaebfeb1e895300975b4f7193e657cda3bd789c68540fbc0ed2a31832a8c7,"Sa, | A-Junioren | Landesklasse",league,include,https://www.fussball.de/spiel/schoenwalder-sv-spg-klosterfelde-wandlitz-basdorf/-/spiel/031HB5BCK8000000VS5489BTVVG7L386,flb-jugendordnung-2025-12-13-a-2x45+halftime-15,2027-04-10T13:45+02:00,2027-04-10T10:00+02:00,031HB5BCK8000000VS5489BTVVG7L386,Schönwalder SV,02T7TD5NLG000000VS5489BSVU9LEHLB,2027-04-10T11:00+02:00,105,2027-04-10T12:45+02:00,610142085,ME,,{},https://www.fussball.de/ajax.club.matchplan/-/id/00ES8GNBL0000049VV0AG08LVUPGND5I/mode/PAGE/show-filter/false/show-venues/true/mime-type/HTML/datum-von/2027-04-01/datum-bis/2027-06-30/max/50,,A-Junioren | Landesklasse,02T7TD5NLG000000VS5489BSVU9LEHLB,Schönwalder SV,home,"Rasenplatz, Sportplatz Schönwalde Strandbad, Platz 1, Kurmärkische Str. 2, 14621 Schönwalde-Glien",Rasen Schönwalde,[]
SV Roskow,011MIAT5FC000000VTVG0001VTR8C1K7,Rasen,4770254f84cbd8f30ccff0443d838e74adcc2e983a756984645b6c4bd2d6ba94,"So, | Herren | Kreisliga",league,include,https://www.fussball.de/spiel/spielgemeinschaft-schoenwalde-perwenitz-paaren-sv-roskow/-/spiel/031DP96M1K000000VS5489BUVUR5FS5A,dfb-regel-7-herren-2x45+halftime-15,2027-04-11T16:45+02:00,2027-04-11T13:00+02:00,031DP96M1K000000VS5489BUVUR5FS5A,Spielgemeinschaft Schönwalde-Perwenitz-Paaren,011MIARJNS000000VTVG0001VTR8C1K7,2027-04-11T14:00+02:00,105,2027-04-11T15:45+02:00,610479171,ME,,{},https://www.fussball.de/ajax.club.matchplan/-/id/00ES8GNBL0000049VV0AG08LVUPGND5I/mode/PAGE/show-filter/false/show-venues/true/mime-type/HTML/datum-von/2027-04-01/datum-bis/2027-06-30/max/50,,Herren | Kreisliga,011MIARJNS000000VTVG0001VTR8C1K7,Spielgemeinschaft Schönwalde-Perwenitz-Paaren,home,"Rasenplatz, Sportplatz Schönwalde Strandbad, Platz 1, Kurmärkische Str. 2, 14621 Schönwalde-Glien",Rasen Schönwalde,[]
SV Grün-Weiss Brieselang II,013A5H9RNG000000VV0AG80NVSRNRLT6,Rasen,98b1983eff8ef00c1fd29a8165fa30c016d1f0f788f78a3926d51007691a8a49,"So, | Herren | Kreisliga",league,include,https://www.fussball.de/spiel/spielgemeinschaft-schoenwalde-perwenitz-paaren-sv-gruen-weiss-brieselang-ii/-/spiel/031DP96KK4000000VS5489BUVUR5FS5A,dfb-regel-7-herren-2x45+halftime-15,2027-04-25T16:45+02:00,2027-04-25T13:00+02:00,031DP96KK4000000VS5489BUVUR5FS5A,Spielgemeinschaft Schönwalde-Perwenitz-Paaren,011MIARJNS000000VTVG0001VTR8C1K7,2027-04-25T14:00+02:00,105,2027-04-25T15:45+02:00,610479185,ME,,{},https://www.fussball.de/ajax.club.matchplan/-/id/00ES8GNBL0000049VV0AG08LVUPGND5I/mode/PAGE/show-filter/false/show-venues/true/mime-type/HTML/datum-von/2027-04-01/datum-bis/2027-06-30/max/50,,Herren | Kreisliga,011MIARJNS000000VTVG0001VTR8C1K7,Spielgemeinschaft Schönwalde-Perwenitz-Paaren,home,"Rasenplatz, Sportplatz Schönwalde Strandbad, Platz 1, Kurmärkische Str. 2, 14621 Schönwalde-Glien",Rasen Schönwalde,[]
SG Eintracht Friesack Ü40,02TINQ61UC000000VS5489BSVUALD4UK,Rasen,64fb657cd6543421d85e6c8b1f100a8c8721c43546035ec201a1eaa6c02969ac,"Fr, | Herren Ü40 | Kreisliga",league,include,https://www.fussball.de/spiel/schoenwalder-sv-ue40-sg-eintracht-friesack-ue40/-/spiel/031DB87058000000VS5489BUVUR5FS5A,fk-havelland-ue40-2026-27-dfb-standard+halftime-15,2027-05-07T21:45+02:00,2027-05-07T18:00+02:00,031DB87058000000VS5489BUVUR5FS5A,Schönwalder SV (Ü40),02PKVQDTEK000000VS5489B2VT4FEOV2,2027-05-07T19:00+02:00,105,2027-05-07T20:45+02:00,610436047,ME,,{},https://www.fussball.de/ajax.club.matchplan/-/id/00ES8GNBL0000049VV0AG08LVUPGND5I/mode/PAGE/show-filter/false/show-venues/true/mime-type/HTML/datum-von/2027-04-01/datum-bis/2027-06-30/max/50,,Herren Ü40 | Kreisliga,02PKVQDTEK000000VS5489B2VT4FEOV2,Schönwalder SV (Ü40),home,"Rasenplatz, Sportplatz Schönwalde Strandbad, Platz 1, Kurmärkische Str. 2, 14621 Schönwalde-Glien",Rasen Schönwalde,[]
SpG Empor Schenkenberg/​Eintracht Glindow,02Q16G28BO000000VS5489B2VT450JFN,Rasen,4bcdde36473591d5d6aa1915082c7a7f7714dd23c108d0ba3d274beaa9b94fd7,Herren Ü50 | Kreisliga,league,include,https://www.fussball.de/spiel/spg-perwenitz-schoenwalde-ue50-spg-empor-schenkenberg-eintracht-glindow/-/spiel/031DB8NSPC000000VS5489BUVUR5FS5A,fk-havelland-ue50-2026-27-dfb-standard+halftime-15,2027-05-07T22:45+02:00,2027-05-07T19:00+02:00,031DB8NSPC000000VS5489BUVUR5FS5A,SpG Perwenitz/​Schönwalde Ü50,02PKT2MAOC000000VS5489B2VT4FEOV2,2027-05-07T20:00+02:00,105,2027-05-07T21:45+02:00,610090047,ME,,{},https://www.fussball.de/ajax.club.matchplan/-/id/00ES8GNBL0000049VV0AG08LVUPGND5I/mode/PAGE/show-filter/false/show-venues/true/mime-type/HTML/datum-von/2027-04-01/datum-bis/2027-06-30/max/50,,Herren Ü50 | Kreisliga,02PKT2MAOC000000VS5489B2VT4FEOV2,SpG Perwenitz/​Schönwalde Ü50,home,"Rasenplatz, Sportplatz Schönwalde Strandbad, Platz 1, Kurmärkische Str. 2, 14621 Schönwalde-Glien",Rasen Schönwalde,[]
Mögeliner SC 1913,011MIC8PBG000000VTVG0001VTR8C1K7,Rasen,1f4e6b41b6fc7b8810bc59031d8893fa2a2372e8673b77d78907315e68d82d6e,Herren | Kreisliga,league,include,https://www.fussball.de/spiel/spielgemeinschaft-schoenwalde-perwenitz-paaren-moegeliner-sc-1913/-/spiel/031DP96JUG000000VS5489BUVUR5FS5A,dfb-regel-7-herren-2x45+halftime-15,2027-05-09T16:45+02:00,2027-05-09T13:00+02:00,031DP96JUG000000VS5489BUVUR5FS5A,Spielgemeinschaft Schönwalde-Perwenitz-Paaren,011MIARJNS000000VTVG0001VTR8C1K7,2027-05-09T14:00+02:00,105,2027-05-09T15:45+02:00,610479207,ME,,{},https://www.fussball.de/ajax.club.matchplan/-/id/00ES8GNBL0000049VV0AG08LVUPGND5I/mode/PAGE/show-filter/false/show-venues/true/mime-type/HTML/datum-von/2027-04-01/datum-bis/2027-06-30/max/50,,Herren | Kreisliga,011MIARJNS000000VTVG0001VTR8C1K7,Spielgemeinschaft Schönwalde-Perwenitz-Paaren,home,"Rasenplatz, Sportplatz Schönwalde Strandbad, Platz 1, Kurmärkische Str. 2, 14621 Schönwalde-Glien",Rasen Schönwalde,[]
FSV Schorfheide Joachimsthal,02TKDISEO0000000VS5489BSVSKABKDB,Rasen,448d8adad2b8fe5f88e35437465ec6cf91b2ea6e5ab05c7b0386e80c2e3a57f4,"Sa, | A-Junioren | Landesklasse",league,include,https://www.fussball.de/spiel/schoenwalder-sv-fsv-schorfheide-joachimsthal/-/spiel/031HB5BC5G000000VS5489BTVVG7L386,flb-jugendordnung-2025-12-13-a-2x45+halftime-15,2027-05-22T13:45+02:00,2027-05-22T10:00+02:00,031HB5BC5G000000VS5489BTVVG7L386,Schönwalder SV,02T7TD5NLG000000VS5489BSVU9LEHLB,2027-05-22T11:00+02:00,105,2027-05-22T12:45+02:00,610142113,ME,,{},https://www.fussball.de/ajax.club.matchplan/-/id/00ES8GNBL0000049VV0AG08LVUPGND5I/mode/PAGE/show-filter/false/show-venues/true/mime-type/HTML/datum-von/2027-04-01/datum-bis/2027-06-30/max/50,,A-Junioren | Landesklasse,02T7TD5NLG000000VS5489BSVU9LEHLB,Schönwalder SV,home,"Rasenplatz, Sportplatz Schönwalde Strandbad, Platz 1, Kurmärkische Str. 2, 14621 Schönwalde-Glien",Rasen Schönwalde,[]
BSC Rathenow,011MIBBDPS000000VTVG0001VTR8C1K7,Rasen,fdb042e884d039c0dcd5124ea7dde52641eff865103b1e2b7f74919910a3ec6c,"So, | Herren | Kreisliga",league,include,https://www.fussball.de/spiel/spielgemeinschaft-schoenwalde-perwenitz-paaren-bsc-rathenow/-/spiel/031DP96IO0000000VS5489BUVUR5FS5A,dfb-regel-7-herren-2x45+halftime-15,2027-05-23T16:45+02:00,2027-05-23T13:00+02:00,031DP96IO0000000VS5489BUVUR5FS5A,Spielgemeinschaft Schönwalde-Perwenitz-Paaren,011MIARJNS000000VTVG0001VTR8C1K7,2027-05-23T14:00+02:00,105,2027-05-23T15:45+02:00,610479213,ME,,{},https://www.fussball.de/ajax.club.matchplan/-/id/00ES8GNBL0000049VV0AG08LVUPGND5I/mode/PAGE/show-filter/false/show-venues/true/mime-type/HTML/datum-von/2027-04-01/datum-bis/2027-06-30/max/50,,Herren | Kreisliga,011MIARJNS000000VTVG0001VTR8C1K7,Spielgemeinschaft Schönwalde-Perwenitz-Paaren,home,"Rasenplatz, Sportplatz Schönwalde Strandbad, Platz 1, Kurmärkische Str. 2, 14621 Schönwalde-Glien",Rasen Schönwalde,[]
FSV 95 Ketzin/​Falkenrehde Ü40,0279GSGFB8000000VS5489B2VVB7EFSC,Rasen,e61b82a773862ab70ef4571303a01c7d68cbd714e3e3a68f0ecbd84d3cf5b595,"Fr, | Herren Ü40 | Kreisliga",league,include,https://www.fussball.de/spiel/schoenwalder-sv-ue40-fsv-95-ketzin-falkenrehde-ue40/-/spiel/031DB86VQ4000000VS5489BUVUR5FS5A,fk-havelland-ue40-2026-27-dfb-standard+halftime-15,2027-05-28T21:45+02:00,2027-05-28T18:00+02:00,031DB86VQ4000000VS5489BUVUR5FS5A,Schönwalder SV (Ü40),02PKVQDTEK000000VS5489B2VT4FEOV2,2027-05-28T19:00+02:00,105,2027-05-28T20:45+02:00,610436053,ME,,{},https://www.fussball.de/ajax.club.matchplan/-/id/00ES8GNBL0000049VV0AG08LVUPGND5I/mode/PAGE/show-filter/false/show-venues/true/mime-type/HTML/datum-von/2027-04-01/datum-bis/2027-06-30/max/50,,Herren Ü40 | Kreisliga,02PKVQDTEK000000VS5489B2VT4FEOV2,Schönwalder SV (Ü40),home,"Rasenplatz, Sportplatz Schönwalde Strandbad, Platz 1, Kurmärkische Str. 2, 14621 Schönwalde-Glien",Rasen Schönwalde,[]
SV Blau-Gelb Falkensee,02PGDVHS1O000000VS5489B1VSCT0UPQ,Rasen,9919fd05e48bfa74a8be9df608450483b3a3815b6272cfed5891b824b6554516,Herren Ü50 | Kreisliga,league,include,https://www.fussball.de/spiel/spg-perwenitz-schoenwalde-ue50-sv-blau-gelb-falkensee/-/spiel/031DB8NSH4000000VS5489BUVUR5FS5A,fk-havelland-ue50-2026-27-dfb-standard+halftime-15,2027-05-28T22:45+02:00,2027-05-28T19:00+02:00,031DB8NSH4000000VS5489BUVUR5FS5A,SpG Perwenitz/​Schönwalde Ü50,02PKT2MAOC000000VS5489B2VT4FEOV2,2027-05-28T20:00+02:00,105,2027-05-28T21:45+02:00,610090053,ME,,{},https://www.fussball.de/ajax.club.matchplan/-/id/00ES8GNBL0000049VV0AG08LVUPGND5I/mode/PAGE/show-filter/false/show-venues/true/mime-type/HTML/datum-von/2027-04-01/datum-bis/2027-06-30/max/50,,Herren Ü50 | Kreisliga,02PKT2MAOC000000VS5489B2VT4FEOV2,SpG Perwenitz/​Schönwalde Ü50,home,"Rasenplatz, Sportplatz Schönwalde Strandbad, Platz 1, Kurmärkische Str. 2, 14621 Schönwalde-Glien",Rasen Schönwalde,[]
FV Preussen Eberswalde,01DAR93834000000VV0AG811VVO7G072,Rasen,d2b5b50e199e20e690344ea8f4e96cbc16e68532d428f47d6302097fb36cd0a3,"Sa, | A-Junioren | Landesklasse",league,include,https://www.fussball.de/spiel/schoenwalder-sv-fv-preussen-eberswalde/-/spiel/031HB5BBC0000000VS5489BTVVG7L386,flb-jugendordnung-2025-12-13-a-2x45+halftime-15,2027-06-05T13:45+02:00,2027-06-05T10:00+02:00,031HB5BBC0000000VS5489BTVVG7L386,Schönwalder SV,02T7TD5NLG000000VS5489BSVU9LEHLB,2027-06-05T11:00+02:00,105,2027-06-05T12:45+02:00,610142123,ME,,{},https://www.fussball.de/ajax.club.matchplan/-/id/00ES8GNBL0000049VV0AG08LVUPGND5I/mode/PAGE/show-filter/false/show-venues/true/mime-type/HTML/datum-von/2027-04-01/datum-bis/2027-06-30/max/50,,A-Junioren | Landesklasse,02T7TD5NLG000000VS5489BSVU9LEHLB,Schönwalder SV,home,"Rasenplatz, Sportplatz Schönwalde Strandbad, Platz 1, Kurmärkische Str. 2, 14621 Schönwalde-Glien",Rasen Schönwalde,[]
SV Kloster Lehnin,011MIEVFVC000000VTVG0001VTR8C1K7,Rasen,5abcaaa49910de363b1dbf087914173b178207950dd688f832b9a1e34bbd4fef,"So, | Herren | Kreisliga",league,include,https://www.fussball.de/spiel/spielgemeinschaft-schoenwalde-perwenitz-paaren-sv-kloster-lehnin/-/spiel/031DP96HKG000000VS5489BUVUR5FS5A,dfb-regel-7-herren-2x45+halftime-15,2027-06-06T16:45+02:00,2027-06-06T13:00+02:00,031DP96HKG000000VS5489BUVUR5FS5A,Spielgemeinschaft Schönwalde-Perwenitz-Paaren,011MIARJNS000000VTVG0001VTR8C1K7,2027-06-06T14:00+02:00,105,2027-06-06T15:45+02:00,610479227,ME,,{},https://www.fussball.de/ajax.club.matchplan/-/id/00ES8GNBL0000049VV0AG08LVUPGND5I/mode/PAGE/show-filter/false/show-venues/true/mime-type/HTML/datum-von/2027-04-01/datum-bis/2027-06-30/max/50,,Herren | Kreisliga,011MIARJNS000000VTVG0001VTR8C1K7,Spielgemeinschaft Schönwalde-Perwenitz-Paaren,home,"Rasenplatz, Sportplatz Schönwalde Strandbad, Platz 1, Kurmärkische Str. 2, 14621 Schönwalde-Glien",Rasen Schönwalde,[]
SV Eintracht Bötzow II,011MIB1UTK000000VTVG0001VTR8C1K7,,c6cd0d8f57f2c819e877b776101443cdbc1c442fae61f04ec8d8af741206bb82,"So, | Herren | Kreisfreundschaftsspiele",friendly,exclude,https://www.fussball.de/spiel/spielgemeinschaft-schoenwalde-perwenitz-paaren-sv-eintracht-boetzow-ii/-/spiel/031F85LALO000000VS5489BTVUS470OH,dfb-regel-7-herren-2x45+halftime-15,2026-07-19T16:45+02:00,2026-07-19T13:00+02:00,031F85LALO000000VS5489BTVUS470OH,Spielgemeinschaft Schönwalde-Perwenitz-Paaren,011MIARJNS000000VTVG0001VTR8C1K7,2026-07-19T14:00+02:00,105,2026-07-19T15:45+02:00,810005121,FS,,{},https://www.fussball.de/ajax.club.matchplan/-/id/00ES8GNBL0000049VV0AG08LVUPGND5I/mode/PAGE/show-filter/false/show-venues/true/mime-type/HTML/datum-von/2026-07-01/datum-bis/2026-09-30/max/50,,Herren | Kreisfreundschaftsspiele,011MIARJNS000000VTVG0001VTR8C1K7,Spielgemeinschaft Schönwalde-Perwenitz-Paaren,home,"Rasenplatz, Sportplatz Perwenitz, Turmstr., 14621 Schönwalde-Glien",Perwenitz,[]
SV Falkensee-Finkenkrug II,011MIE1QT0000000VTVG0001VTR8C1K7,,326818d63b789d51afc124110540c0c2fd5664b32ce82ba948d8594de3f572b1,"Do, | Herren | Kreisfreundschaftsspiele",friendly,exclude,https://www.fussball.de/spiel/spielgemeinschaft-schoenwalde-perwenitz-paaren-sv-falkensee-finkenkrug-ii/-/spiel/031F866OGG000000VS5489BTVUS470OH,dfb-regel-7-herren-2x45+halftime-15,2026-07-30T22:15+02:00,2026-07-30T18:30+02:00,031F866OGG000000VS5489BTVUS470OH,Spielgemeinschaft Schönwalde-Perwenitz-Paaren,011MIARJNS000000VTVG0001VTR8C1K7,2026-07-30T19:30+02:00,105,2026-07-30T21:15+02:00,810005122,FS,,{},https://www.fussball.de/ajax.club.matchplan/-/id/00ES8GNBL0000049VV0AG08LVUPGND5I/mode/PAGE/show-filter/false/show-venues/true/mime-type/HTML/datum-von/2026-07-01/datum-bis/2026-09-30/max/50,,Herren | Kreisfreundschaftsspiele,011MIARJNS000000VTVG0001VTR8C1K7,Spielgemeinschaft Schönwalde-Perwenitz-Paaren,home,"Rasenplatz, Sportplatz Perwenitz, Turmstr., 14621 Schönwalde-Glien",Perwenitz,[]
SV Eintracht Bötzow,011MI9OSSK000000VTVG0001VTR8C1K7,,c8c943d4275a08301f4713c9f42c0648f33c1f3bd936bbd4b13470253fd4bb86,"Mi, | Herren | Kreisfreundschaftsspiele",friendly,exclude,https://www.fussball.de/spiel/spielgemeinschaft-schoenwalde-perwenitz-paaren-sv-eintracht-boetzow/-/spiel/031919FV00000000VS5489BTVSK8S3O6,dfb-regel-7-herren-2x45+halftime-15,2026-08-05T21:45+02:00,2026-08-05T18:00+02:00,031919FV00000000VS5489BTVSK8S3O6,Spielgemeinschaft Schönwalde-Perwenitz-Paaren,011MIARJNS000000VTVG0001VTR8C1K7,2026-08-05T19:00+02:00,105,2026-08-05T20:45+02:00,810005035,FS,,{},https://www.fussball.de/ajax.club.matchplan/-/id/00ES8GNBL0000049VV0AG08LVUPGND5I/mode/PAGE/show-filter/false/show-venues/true/mime-type/HTML/datum-von/2026-07-01/datum-bis/2026-09-30/max/50,,Herren | Kreisfreundschaftsspiele,011MIARJNS000000VTVG0001VTR8C1K7,Spielgemeinschaft Schönwalde-Perwenitz-Paaren,home,"Rasenplatz, Sportplatz Perwenitz, Turmstr., 14621 Schönwalde-Glien",Perwenitz,[]
FSV 95 Ketzin/​Falkenrehde,011MIAT51G000000VTVG0001VTR8C1K7,,20e656b007b4ce720b2b48be96c7bcd13c5ae380f30b6108528ba74a32ef345f,"So, | Herren | Kreisfreundschaftsspiele",friendly,exclude,https://www.fussball.de/spiel/spielgemeinschaft-schoenwalde-perwenitz-paaren-fsv-95-ketzin-falkenrehde/-/spiel/03191A413S000000VS5489BTVSK8S3O6,dfb-regel-7-herren-2x45+halftime-15,2026-08-09T16:45+02:00,2026-08-09T13:00+02:00,03191A413S000000VS5489BTVSK8S3O6,Spielgemeinschaft Schönwalde-Perwenitz-Paaren,011MIARJNS000000VTVG0001VTR8C1K7,2026-08-09T14:00+02:00,105,2026-08-09T15:45+02:00,810005036,FS,,{},https://www.fussball.de/ajax.club.matchplan/-/id/00ES8GNBL0000049VV0AG08LVUPGND5I/mode/PAGE/show-filter/false/show-venues/true/mime-type/HTML/datum-von/2026-07-01/datum-bis/2026-09-30/max/50,,Herren | Kreisfreundschaftsspiele,011MIARJNS000000VTVG0001VTR8C1K7,Spielgemeinschaft Schönwalde-Perwenitz-Paaren,home,"Rasenplatz, Sportplatz Paaren, Gartenstr. 1-3, 14621 Schönwalde-Glien",Paaren,[]
Schönwalder SV,02T7TD5NLG000000VS5489BSVU9LEHLB,,5f54b08455b48279ca83631dfbc75aaae660905a8a1cea62df10dd1d86f138a6,"So, | A-Junioren | Landesfreundschaftsspiele",friendly,exclude,https://www.fussball.de/spiel/spg-sv-viktoria-potsdam-caputher-sv-1881-schoenwalder-sv/-/spiel/031O25NTA4000000VS5489BUVT2M8LCU,flb-jugendordnung-2025-12-13-a-2x45+halftime-15,2026-08-23T12:45+02:00,2026-08-23T09:00+02:00,031O25NTA4000000VS5489BUVT2M8LCU,SpG SV Viktoria Potsdam/​Caputher SV 1881,0312EE2CD0000000VS5489BRVVV10ESU,2026-08-23T10:00+02:00,105,2026-08-23T11:45+02:00,810007033,FS,,{},https://www.fussball.de/ajax.club.matchplan/-/id/00ES8GNBL0000049VV0AG08LVUPGND5I/mode/PAGE/show-filter/false/show-venues/true/mime-type/HTML/datum-von/2026-07-01/datum-bis/2026-09-30/max/50,,A-Junioren | Landesfreundschaftsspiele,02T7TD5NLG000000VS5489BSVU9LEHLB,Schönwalder SV,away,"Rasenplatz, Sportplatz Michendorfer Chaussee, Platz 1, Michendorfer Chaussee 34, 14548 Schwielowsee",Auswärtige Spielstätte,[]
Spielgemeinschaft Schönwalde-Perwenitz-Paaren,011MIARJNS000000VTVG0001VTR8C1K7,,e932f8b306e58a8b5afbce6d47e0c798a09828008c2bdc476ba09f3508c9fb7a,Herren | Kreispokal,cup,exclude,https://www.fussball.de/spiel/fsv-eintracht-glindow-spielgemeinschaft-schoenwalde-perwenitz-paaren/-/spiel/031Q3AJFGG000000VS5489BTVT8K11BC,dfb-regel-7-herren-2x45+halftime-15,2026-08-23T16:45+02:00,2026-08-23T13:00+02:00,031Q3AJFGG000000VS5489BTVT8K11BC,FSV Eintracht Glindow,011MICLBT4000000VTVG0001VTR8C1K7,2026-08-23T14:00+02:00,105,2026-08-23T15:45+02:00,710089059,PO,,{},https://www.fussball.de/ajax.club.matchplan/-/id/00ES8GNBL0000049VV0AG08LVUPGND5I/mode/PAGE/show-filter/false/show-venues/true/mime-type/HTML/datum-von/2026-07-01/datum-bis/2026-09-30/max/50,,Herren | Kreispokal,011MIARJNS000000VTVG0001VTR8C1K7,Spielgemeinschaft Schönwalde-Perwenitz-Paaren,away,"Kunstrasenplatz, Sportplatz Glindow, Kunstrasen, Dr.-Külz-Str., 14542 Werder (Havel)",Auswärtige Spielstätte,[]
Schönwalder SV,01S69BH0IK000000VS548985VUL18RL3,,51462f80467b0b9bde27a27475851b5a237b52d5923aed653fc0e490a358e9c4,"So, | D-Junioren | Kreispokal",cup,exclude,https://www.fussball.de/spiel/sv-ruhlsdorf-ii-schoenwalder-sv/-/spiel/031MR9VDJ4000000VS5489BUVT2M8LCU,flb-jugendordnung-2025-12-13-d-2x30+halftime-15+cup-max-10,2026-08-30T12:25+02:00,2026-08-30T09:00+02:00,031MR9VDJ4000000VS5489BUVT2M8LCU,SV Ruhlsdorf II,02PLMQC0CO000000VS5489B1VS5DN01P,2026-08-30T10:00+02:00,85,2026-08-30T11:25+02:00,710127052,PO,,{},https://www.fussball.de/ajax.club.matchplan/-/id/00ES8GNBL0000049VV0AG08LVUPGND5I/mode/PAGE/show-filter/false/show-venues/true/mime-type/HTML/datum-von/2026-07-01/datum-bis/2026-09-30/max/50,,D-Junioren | Kreispokal,01S69BH0IK000000VS548985VUL18RL3,Schönwalder SV,away,"Kunstrasenplatz, Dittmar-Hartung-Sportplatz, Sputendorfer Str. 56, 14513 Teltow",Auswärtige Spielstätte,[]
Schönwalder SV (9er),031A57Q7PG000000VS5489BSVU0ORN69,,9d8e514e261c1e1d775158b9776a45261f33288172f88d6a30e00040ddb5d2d6,C-Junioren | Kreisfreundschaftsspiele,friendly,exclude,https://www.fussball.de/spiel/tsv-perwenitz-9er-schoenwalder-sv-9er/-/spiel/031J9BDCS8000000VS5489BTVSRD0UH9,flb-jugendordnung-2025-12-13-c-2x35+halftime-15,2026-08-30T12:55+02:00,2026-08-30T09:30+02:00,031J9BDCS8000000VS5489BTVSRD0UH9,TSV Perwenitz (9er),02TB103KFC000000VS5489BSVV9JRPRB,2026-08-30T10:30+02:00,85,2026-08-30T11:55+02:00,810018007,FS,,{},https://www.fussball.de/ajax.club.matchplan/-/id/00ES8GNBL0000049VV0AG08LVUPGND5I/mode/PAGE/show-filter/false/show-venues/true/mime-type/HTML/datum-von/2026-07-01/datum-bis/2026-09-30/max/50,,C-Junioren | Kreisfreundschaftsspiele,031A57Q7PG000000VS5489BSVU0ORN69,Schönwalder SV (9er),away,"Rasenplatz, Sportplatz Perwenitz, Turmstr., 14621 Schönwalde-Glien",Perwenitz,[]
Spielgemeinschaft Schönwalde-Perwenitz-Paaren,011MIARJNS000000VTVG0001VTR8C1K7,,4606edc5737c67f976d90e1e815b11e8a730c5cc52a3921879a0fcf3699d2a54,Herren | Kreisliga,league,exclude,https://www.fussball.de/spiel/fc-deetz-i-spielgemeinschaft-schoenwalde-perwenitz-paaren/-/spiel/031DP96H00000000VS5489BUVUR5FS5A,dfb-regel-7-herren-2x45+halftime-15,2026-08-30T17:45+02:00,2026-08-30T14:00+02:00,031DP96H00000000VS5489BUVUR5FS5A,FC Deetz,011MIEGI3C000000VTVG0001VTR8C1K7,2026-08-30T15:00+02:00,105,2026-08-30T16:45+02:00,610479008,ME,,{},https://www.fussball.de/ajax.club.matchplan/-/id/00ES8GNBL0000049VV0AG08LVUPGND5I/mode/PAGE/show-filter/false/show-venues/true/mime-type/HTML/datum-von/2026-07-01/datum-bis/2026-09-30/max/50,,Herren | Kreisliga,011MIARJNS000000VTVG0001VTR8C1K7,Spielgemeinschaft Schönwalde-Perwenitz-Paaren,away,"Rasenplatz, Deetzer Parkstadion, Hauptplatz, Schmergower Straße neu 31, 14550 Groß Kreutz (Havel)",Auswärtige Spielstätte,[]
SV Grün-Weiss Brieselang Ü50,02PM0L5KGK000000VS5489B1VS5DN01P,,f91c00862e698f41f17e8d31c42e1b3c23c01f537e68e00b1564e4647e1ef58d,Herren Ü50 | Kreisliga,league,exclude,https://www.fussball.de/spiel/spg-perwenitz-schoenwalde-ue50-sv-gruen-weiss-brieselang-ue50/-/spiel/031DB8NSCO000000VS5489BUVUR5FS5A,fk-havelland-ue50-2026-27-dfb-standard+halftime-15,2026-09-04T22:45+02:00,2026-09-04T19:00+02:00,031DB8NSCO000000VS5489BUVUR5FS5A,SpG Perwenitz/​Schönwalde Ü50,02PKT2MAOC000000VS5489B2VT4FEOV2,2026-09-04T20:00+02:00,105,2026-09-04T21:45+02:00,610090008,ME,,{},https://www.fussball.de/ajax.club.matchplan/-/id/00ES8GNBL0000049VV0AG08LVUPGND5I/mode/PAGE/show-filter/false/show-venues/true/mime-type/HTML/datum-von/2026-07-01/datum-bis/2026-09-30/max/50,Absetzung,Herren Ü50 | Kreisliga,02PKT2MAOC000000VS5489B2VT4FEOV2,SpG Perwenitz/​Schönwalde Ü50,home,,Nicht stattfindend: Absetzung,[]
Schönwalder SV,02T7TD5NLG000000VS5489BSVU9LEHLB,,66c0b793af332c4a51f2e14566d2b0466c8b67be3cd3b1857a93e079dedb016f,"So, | A-Junioren | Landesklasse",league,exclude,https://www.fussball.de/spiel/fc-strausberg-schoenwalder-sv/-/spiel/031HB5B9VO000000VS5489BTVVG7L386,flb-jugendordnung-2025-12-13-a-2x45+halftime-15,2026-09-06T14:15+02:00,2026-09-06T10:30+02:00,031HB5B9VO000000VS5489BTVVG7L386,FC Strausberg,011MIBO66O000000VTVG0001VTR8C1K7,2026-09-06T11:30+02:00,105,2026-09-06T13:15+02:00,610142009,ME,,{},https://www.fussball.de/ajax.club.matchplan/-/id/00ES8GNBL0000049VV0AG08LVUPGND5I/mode/PAGE/show-filter/false/show-venues/true/mime-type/HTML/datum-von/2026-07-01/datum-bis/2026-09-30/max/50,,A-Junioren | Landesklasse,02T7TD5NLG000000VS5489BSVU9LEHLB,Schönwalder SV,away,"Rasenplatz, Sport- und Erholungspark, Landhausstr. 16-18, 15344 Strausberg",Auswärtige Spielstätte,[]
Schönwalder SV (Ü40),02PKVQDTEK000000VS5489B2VT4FEOV2,,834eb81568886c18a161767e6d23b60542198a4ec8988f024fa6eb3a4ef07237,Herren Ü40 | Kreisliga,league,exclude,https://www.fussball.de/spiel/eintracht-falkensee-ue40-schoenwalder-sv-ue40/-/spiel/031DB86VFO000000VS5489BUVUR5FS5A,fk-havelland-ue40-2026-27-dfb-standard+halftime-15,2026-09-11T22:15+02:00,2026-09-11T18:30+02:00,031DB86VFO000000VS5489BUVUR5FS5A,Eintracht Falkensee Ü40,02AU1A03O4000000VS5489B1VTFE8486,2026-09-11T19:30+02:00,105,2026-09-11T21:15+02:00,610436010,ME,,{},https://www.fussball.de/ajax.club.matchplan/-/id/00ES8GNBL0000049VV0AG08LVUPGND5I/mode/PAGE/show-filter/false/show-venues/true/mime-type/HTML/datum-von/2026-07-01/datum-bis/2026-09-30/max/50,,Herren Ü40 | Kreisliga,02PKVQDTEK000000VS5489B2VT4FEOV2,Schönwalder SV (Ü40),away,"Kunstrasenplatz, Sportpark Rosenstraße, KR 2, Rosenstr., 14612 Falkensee",Auswärtige Spielstätte,[]
Schönwalder SV,01S69BH0IK000000VS548985VUL18RL3,,b28d96c139647cf6ca2bd501954a761a4e21c145a5c9413deb6722fea75dba90,"Sa, | D-Junioren | 1.Kreisklasse",league,exclude,https://www.fussball.de/spiel/sv-blau-gelb-falkensee-i-schoenwalder-sv/-/spiel/031MGSR33G000000VS5489BUVVKNMR0J,flb-jugendordnung-2025-12-13-d-2x30+halftime-15,2026-09-12T11:15+02:00,2026-09-12T08:00+02:00,031MGSR33G000000VS5489BUVVKNMR0J,SV Blau-Gelb Falkensee I,02I8LMUI44000000VS5489B1VTAQ4EE6,2026-09-12T09:00+02:00,75,2026-09-12T10:15+02:00,610300007,ME,,{},https://www.fussball.de/ajax.club.matchplan/-/id/00ES8GNBL0000049VV0AG08LVUPGND5I/mode/PAGE/show-filter/false/show-venues/true/mime-type/HTML/datum-von/2026-07-01/datum-bis/2026-09-30/max/50,,D-Junioren | 1.Kreisklasse,01S69BH0IK000000VS548985VUL18RL3,Schönwalder SV,away,"Kunstrasenplatz, Sportpark Rosenstraße, KR 3, Rosenstr., 14612 Falkensee",Auswärtige Spielstätte,[]
Spielgemeinschaft Schönwalde-Perwenitz-Paaren,011MIARJNS000000VTVG0001VTR8C1K7,,167428fce9fdb950ef91e0e42dd23d43f729c90da9b1046b84f7c6d327245831,Herren | Kreisliga,league,exclude,https://www.fussball.de/spiel/fsv-1950-wachow-tremmen-spielgemeinschaft-schoenwalde-perwenitz-paaren/-/spiel/031DP96GGC000000VS5489BUVUR5FS5A,dfb-regel-7-herren-2x45+halftime-15,2026-09-12T17:45+02:00,2026-09-12T14:00+02:00,031DP96GGC000000VS5489BUVUR5FS5A,FSV 1950 Wachow/​Tremmen,011MIEU9LG000000VTVG0001VTR8C1K7,2026-09-12T15:00+02:00,105,2026-09-12T16:45+02:00,610479023,ME,,{},https://www.fussball.de/ajax.club.matchplan/-/id/00ES8GNBL0000049VV0AG08LVUPGND5I/mode/PAGE/show-filter/false/show-venues/true/mime-type/HTML/datum-von/2026-07-01/datum-bis/2026-09-30/max/50,,Herren | Kreisliga,011MIARJNS000000VTVG0001VTR8C1K7,Spielgemeinschaft Schönwalde-Perwenitz-Paaren,away,"Rasenplatz, Sportplatz Tremmen, An der Schmiedetrifft, 14669 Ketzin, OT Tremmen",Auswärtige Spielstätte,[]
SpG Perwenitz/​Schönwalde Ü50,02PKT2MAOC000000VS5489B2VT4FEOV2,,d37a2f62c5c40824dae88ff98d610aae0e4191c9483541f391f5749c999411ca,"Di, | Herren Ü50 | Kreisliga",league,exclude,https://www.fussball.de/spiel/sv-falkensee-finkenkrug-spg-perwenitz-schoenwalde-ue50/-/spiel/031DB8NS8C000000VS5489BUVUR5FS5A,fk-havelland-ue50-2026-27-dfb-standard+halftime-15,2026-09-15T21:45+02:00,2026-09-15T18:00+02:00,031DB8NS8C000000VS5489BUVUR5FS5A,SV Falkensee-Finkenkrug,02PJD5K8O8000000VS5489B1VUI2QQ8R,2026-09-15T19:00+02:00,105,2026-09-15T20:45+02:00,610090010,ME,,{},https://www.fussball.de/ajax.club.matchplan/-/id/00ES8GNBL0000049VV0AG08LVUPGND5I/mode/PAGE/show-filter/false/show-venues/true/mime-type/HTML/datum-von/2026-07-01/datum-bis/2026-09-30/max/50,,Herren Ü50 | Kreisliga,02PKT2MAOC000000VS5489B2VT4FEOV2,SpG Perwenitz/​Schönwalde Ü50,away,"Rasenplatz, Sportplatz Leistikowstraße, Leistikowstr. 72, 14612 Falkensee",Auswärtige Spielstätte,"[""Mehrfachdarstellung im Vereinsspielplan automatisch zusammengeführt""]"
Schönwalder SV,02T7TD5NLG000000VS5489BSVU9LEHLB,,65b744b2697ab0f9b0e547f8ef02469377d3f94b46193eb569e7fbc55fdcca1f,"Fr, | A-Junioren | Landesklasse",league,exclude,https://www.fussball.de/spiel/spg-klosterfelde-wandlitz-basdorf-schoenwalder-sv/-/spiel/031HB5B9C8000000VS5489BTVVG7L386,flb-jugendordnung-2025-12-13-a-2x45+halftime-15,2026-09-18T22:15+02:00,2026-09-18T18:30+02:00,031HB5B9C8000000VS5489BTVVG7L386,SpG Klosterfelde/​Wandlitz/​Basdorf,02T94BGV6C000000VS5489BRVTHNGU03,2026-09-18T19:30+02:00,105,2026-09-18T21:15+02:00,610142019,ME,,{},https://www.fussball.de/ajax.club.matchplan/-/id/00ES8GNBL0000049VV0AG08LVUPGND5I/mode/PAGE/show-filter/false/show-venues/true/mime-type/HTML/datum-von/2026-07-01/datum-bis/2026-09-30/max/50,,A-Junioren | Landesklasse,02T7TD5NLG000000VS5489BSVU9LEHLB,Schönwalder SV,away,"Kunstrasenplatz, Kunstrasenplatz Wandlitz, Prenzlauer Chaussee 129, 16348 Wandlitz",Auswärtige Spielstätte,[]
Brandenburger SRK,011MIENL9O000000VTVG0001VTR8C1K7,,cf5542841b68fadfbad5ac756b5ff75b1e3b320fd38c9e8c22dfb0699014f708,"So, | Herren | Kreisliga",league,exclude,https://www.fussball.de/spiel/spielgemeinschaft-schoenwalde-perwenitz-paaren-brandenburger-srk/-/spiel/031DP96G20000000VS5489BUVUR5FS5A,dfb-regel-7-herren-2x45+halftime-15,2026-09-20T16:45+02:00,2026-09-20T13:00+02:00,031DP96G20000000VS5489BUVUR5FS5A,Spielgemeinschaft Schönwalde-Perwenitz-Paaren,011MIARJNS000000VTVG0001VTR8C1K7,2026-09-20T14:00+02:00,105,2026-09-20T15:45+02:00,610479031,ME,,{},https://www.fussball.de/ajax.club.matchplan/-/id/00ES8GNBL0000049VV0AG08LVUPGND5I/mode/PAGE/show-filter/false/show-venues/true/mime-type/HTML/datum-von/2026-07-01/datum-bis/2026-09-30/max/50,,Herren | Kreisliga,011MIARJNS000000VTVG0001VTR8C1K7,Spielgemeinschaft Schönwalde-Perwenitz-Paaren,home,"Rasenplatz, Sportplatz Paaren, Gartenstr. 1-3, 14621 Schönwalde-Glien",Paaren,[]
Schönwalder SV (Ü40),02PKVQDTEK000000VS5489B2VT4FEOV2,,e90494040ba23117463beab1ebff18f9e29d687f21420bec511da827ee4b71cf,"Fr, | Herren Ü40 | Kreispokal",cup,exclude,https://www.fussball.de/spiel/schoenwalder-sv-ue40/-/spiel/031TA4CB7G000000VS5489BUVSORQI22,fk-havelland-ue40-2026-27-dfb-standard+halftime-15,2026-09-25T21:15+02:00,2026-09-25T17:30+02:00,031TA4CB7G000000VS5489BUVSORQI22,FC Deetz Ü40 - SG Blau-Weiß Beelitz I (PH),,2026-09-25T18:30+02:00,105,2026-09-25T20:15+02:00,710029016,PO,,{},https://www.fussball.de/ajax.club.matchplan/-/id/00ES8GNBL0000049VV0AG08LVUPGND5I/mode/PAGE/show-filter/false/show-venues/true/mime-type/HTML/datum-von/2026-07-01/datum-bis/2026-09-30/max/50,,Herren Ü40 | Kreispokal,02PKVQDTEK000000VS5489B2VT4FEOV2,Schönwalder SV (Ü40),away,,Auswärtsspiel ohne Spielstätte,[]
SpG Perwenitz/​Schönwalde Ü50,02PKT2MAOC000000VS5489B2VT4FEOV2,,d7561773e8d8d6a328fdab35bb3a9ab7ef79d87f662bb58d59a8400d81b4a831,Herren Ü50 | Kreispokal,cup,exclude,https://www.fussball.de/spiel/sv-falkensee-finkenkrug-spg-perwenitz-schoenwalde-ue50/-/spiel/031TA58SV8000000VS5489BUVSORQI22,fk-havelland-ue50-2026-27-dfb-standard+halftime-15,2026-09-25T22:15+02:00,2026-09-25T18:30+02:00,031TA58SV8000000VS5489BUVSORQI22,SV Falkensee-Finkenkrug,02PJD5K8O8000000VS5489B1VUI2QQ8R,2026-09-25T19:30+02:00,105,2026-09-25T21:15+02:00,710146001,PO,,{},https://www.fussball.de/ajax.club.matchplan/-/id/00ES8GNBL0000049VV0AG08LVUPGND5I/mode/PAGE/show-filter/false/show-venues/true/mime-type/HTML/datum-von/2026-07-01/datum-bis/2026-09-30/max/50,,Herren Ü50 | Kreispokal,02PKT2MAOC000000VS5489B2VT4FEOV2,SpG Perwenitz/​Schönwalde Ü50,away,"Kunstrasenplatz, Sportpark Rosenstraße, KR 1, Rosenstr., 14612 Falkensee",Auswärtige Spielstätte,[]
Schönwalder SV,01S69BH0IK000000VS548985VUL18RL3,,d5176611bbed3c8791a449757ee65d175056ae09a06f7a896c97b720d9be71a7,"So, | D-Junioren | 1.Kreisklasse",league,exclude,https://www.fussball.de/spiel/fsv-1950-wachow-tremmen-schoenwalder-sv/-/spiel/031MGSR2SC000000VS5489BUVVKNMR0J,flb-jugendordnung-2025-12-13-d-2x30+halftime-15,2026-09-27T12:15+02:00,2026-09-27T09:00+02:00,031MGSR2SC000000VS5489BUVVKNMR0J,FSV 1950 Wachow/​Tremmen,02PMA3HVEC000000VS5489B2VT4FEOV2,2026-09-27T10:00+02:00,75,2026-09-27T11:15+02:00,610300020,ME,,{},https://www.fussball.de/ajax.club.matchplan/-/id/00ES8GNBL0000049VV0AG08LVUPGND5I/mode/PAGE/show-filter/false/show-venues/true/mime-type/HTML/datum-von/2026-07-01/datum-bis/2026-09-30/max/50,,D-Junioren | 1.Kreisklasse,01S69BH0IK000000VS548985VUL18RL3,Schönwalder SV,away,"Rasenplatz, Sportplatz Tremmen, An der Schmiedetrifft, 14669 Ketzin, OT Tremmen",Auswärtige Spielstätte,[]
SG Bornim Ü50,02PL1LJHSK000000VS5489B1VS5DN01P,,1ae9e32deaf56b8966aa1f55c7c64b9e1409c93b62a1d5d0095b9eb9efa94b5e,Herren Ü50 | Kreisliga,league,exclude,https://www.fussball.de/spiel/spg-perwenitz-schoenwalde-ue50-sg-bornim-ue50/-/spiel/031DB8NS70000000VS5489BUVUR5FS5A,fk-havelland-ue50-2026-27-dfb-standard+halftime-15,2026-10-02T22:45+02:00,2026-10-02T19:00+02:00,031DB8NS70000000VS5489BUVUR5FS5A,SpG Perwenitz/​Schönwalde Ü50,02PKT2MAOC000000VS5489B2VT4FEOV2,2026-10-02T20:00+02:00,105,2026-10-02T21:45+02:00,610090016,ME,,{},https://www.fussball.de/ajax.club.matchplan/-/id/00ES8GNBL0000049VV0AG08LVUPGND5I/mode/PAGE/show-filter/false/show-venues/true/mime-type/HTML/datum-von/2026-10-01/datum-bis/2026-12-31/max/50,,Herren Ü50 | Kreisliga,02PKT2MAOC000000VS5489B2VT4FEOV2,SpG Perwenitz/​Schönwalde Ü50,home,"Rasenplatz, Sportplatz Perwenitz, Turmstr., 14621 Schönwalde-Glien",Perwenitz,[]
Schönwalder SV (9er),031A57Q7PG000000VS5489BSVU0ORN69,,75fa166f6da2f358c4898ed2dd94c5e332ebe76d326cc6623fc06e86c479dee9,"Sa, | C-Junioren | 2.Kreisklasse",league,exclude,https://www.fussball.de/spiel/rot-weiss-gross-glienicke-9er-schoenwalder-sv-9er/-/spiel/031MFGE34C000000VS5489BUVVKNMR0J,flb-jugendordnung-2025-12-13-c-2x35+halftime-15,2026-10-03T13:25+02:00,2026-10-03T10:00+02:00,031MFGE34C000000VS5489BUVVKNMR0J,Rot-Weiß Groß Glienicke (9er),030R4AOAE4000000VS5489BRVVPSQ1LR,2026-10-03T11:00+02:00,85,2026-10-03T12:25+02:00,610215019,ME,,{},https://www.fussball.de/ajax.club.matchplan/-/id/00ES8GNBL0000049VV0AG08LVUPGND5I/mode/PAGE/show-filter/false/show-venues/true/mime-type/HTML/datum-von/2026-10-01/datum-bis/2026-12-31/max/50,,C-Junioren | 2.Kreisklasse,031A57Q7PG000000VS5489BSVU0ORN69,Schönwalder SV (9er),away,"Rasenplatz, Sportplatz Groß Glienicke, An der Sporthalle, 14476 Potsdam",Auswärtige Spielstätte,[]
Schönwalder SV,02T7TD5NLG000000VS5489BSVU9LEHLB,,9f3864c611b89f26d3fd85f905d62a625d889f70e5e0df9d19c61ae502ce4a2f,A-Junioren | Landesklasse,league,exclude,https://www.fussball.de/spiel/sc-victoria-1914-templin-schoenwalder-sv/-/spiel/031HB5BAUC000000VS5489BTVVG7L386,flb-jugendordnung-2025-12-13-a-2x45+halftime-15,2026-10-04T14:45+02:00,2026-10-04T11:00+02:00,031HB5BAUC000000VS5489BTVVG7L386,SC Victoria 1914 Templin,02754JV4N0000000VS5489B2VVRTHQ8E,2026-10-04T12:00+02:00,105,2026-10-04T13:45+02:00,610142030,ME,,{},https://www.fussball.de/ajax.club.matchplan/-/id/00ES8GNBL0000049VV0AG08LVUPGND5I/mode/PAGE/show-filter/false/show-venues/true/mime-type/HTML/datum-von/2026-10-01/datum-bis/2026-12-31/max/50,,A-Junioren | Landesklasse,02T7TD5NLG000000VS5489BSVU9LEHLB,Schönwalder SV,away,"Kunstrasenplatz, Stadion der Freundschaft, KR, Prenzlauer Allee 62, 17268 Templin",Auswärtige Spielstätte,[]
Schönwalder SV (Ü40),02PKVQDTEK000000VS5489B2VT4FEOV2,,7666b2e572115915d0da37e396edf9b7d4b65d224d68882855c04bc2cc246b36,"Fr, | Herren Ü40 | Kreisliga",league,exclude,https://www.fussball.de/spiel/sg-eintracht-friesack-ue40-schoenwalder-sv-ue40/-/spiel/031DB86V9O000000VS5489BUVUR5FS5A,fk-havelland-ue40-2026-27-dfb-standard+halftime-15,2026-10-09T21:45+02:00,2026-10-09T18:00+02:00,031DB86V9O000000VS5489BUVUR5FS5A,SG Eintracht Friesack Ü40,02TINQ61UC000000VS5489BSVUALD4UK,2026-10-09T19:00+02:00,105,2026-10-09T20:45+02:00,610436019,ME,,{},https://www.fussball.de/ajax.club.matchplan/-/id/00ES8GNBL0000049VV0AG08LVUPGND5I/mode/PAGE/show-filter/false/show-venues/true/mime-type/HTML/datum-von/2026-10-01/datum-bis/2026-12-31/max/50,,Herren Ü40 | Kreisliga,02PKVQDTEK000000VS5489B2VT4FEOV2,Schönwalder SV (Ü40),away,"Rasenplatz, Rudolf-Harbig-Stadion, Am Schillerpark 3, 14662 Friesack",Auswärtige Spielstätte,[]
SpG Perwenitz/​Schönwalde Ü50,02PKT2MAOC000000VS5489B2VT4FEOV2,,cdd6feb5aadd2ae04a61dfa2eb80df73ba37396e8181d9ebdb0060cb889e9372,Herren Ü50 | Kreisliga,league,exclude,https://www.fussball.de/spiel/spg-empor-schenkenberg-eintracht-glindow-spg-perwenitz-schoenwalde-ue50/-/spiel/031DB8NS3G000000VS5489BUVUR5FS5A,fk-havelland-ue50-2026-27-dfb-standard+halftime-15,2026-10-09T21:45+02:00,2026-10-09T18:00+02:00,031DB8NS3G000000VS5489BUVUR5FS5A,SpG Empor Schenkenberg/​Eintracht Glindow,02Q16G28BO000000VS5489B2VT450JFN,2026-10-09T19:00+02:00,105,2026-10-09T20:45+02:00,610090019,ME,,{},https://www.fussball.de/ajax.club.matchplan/-/id/00ES8GNBL0000049VV0AG08LVUPGND5I/mode/PAGE/show-filter/false/show-venues/true/mime-type/HTML/datum-von/2026-10-01/datum-bis/2026-12-31/max/50,,Herren Ü50 | Kreisliga,02PKT2MAOC000000VS5489B2VT4FEOV2,SpG Perwenitz/​Schönwalde Ü50,away,"Kunstrasenplatz, Sportplatz Glindow, Kunstrasen, Dr.-Külz-Str., 14542 Werder (Havel)",Auswärtige Spielstätte,[]
Schönwalder SV,01S69BH0IK000000VS548985VUL18RL3,,696de3c40d89fa833b4675c3404aef4702ddf81bdc2bc2407274421bc9b11e4d,"Sa, | D-Junioren | Kreispokal",cup,exclude,https://www.fussball.de/spiel/bsg-stahl-brandenburg-ii-u12-schoenwalder-sv/-/spiel/031UGBS53S000000VS5489BUVSORQI22,flb-jugendordnung-2025-12-13-d-2x30+halftime-15+cup-max-10,2026-10-10T12:25+02:00,2026-10-10T09:00+02:00,031UGBS53S000000VS5489BUVSORQI22,BSG Stahl Brandenburg II (U12),023GISJMLC000000VS548985VU14N0BQ,2026-10-10T10:00+02:00,85,2026-10-10T11:25+02:00,710127085,PO,,{},https://www.fussball.de/ajax.club.matchplan/-/id/00ES8GNBL0000049VV0AG08LVUPGND5I/mode/PAGE/show-filter/false/show-venues/true/mime-type/HTML/datum-von/2026-10-01/datum-bis/2026-12-31/max/50,,D-Junioren | Kreispokal,01S69BH0IK000000VS548985VUL18RL3,Schönwalder SV,away,"Kunstrasenplatz, Stadion am Quenz, Kunstrasen, Thüringer Straße 251, 14770 Brandenburg an der Havel",Auswärtige Spielstätte,[]
Spielgemeinschaft Schönwalde-Perwenitz-Paaren,011MIARJNS000000VTVG0001VTR8C1K7,,968d5ba45c4ece75fb46cca75f1a5f69782bd7e5a9601dd3d6726db99c9f9e97,"So, | Herren | Kreisliga",league,exclude,https://www.fussball.de/spiel/sv-roskow-spielgemeinschaft-schoenwalde-perwenitz-paaren/-/spiel/031DP96EN8000000VS5489BUVUR5FS5A,dfb-regel-7-herren-2x45+halftime-15,2026-10-11T17:45+02:00,2026-10-11T14:00+02:00,031DP96EN8000000VS5489BUVUR5FS5A,SV Roskow,011MIAT5FC000000VTVG0001VTR8C1K7,2026-10-11T15:00+02:00,105,2026-10-11T16:45+02:00,610479051,ME,,{},https://www.fussball.de/ajax.club.matchplan/-/id/00ES8GNBL0000049VV0AG08LVUPGND5I/mode/PAGE/show-filter/false/show-venues/true/mime-type/HTML/datum-von/2026-10-01/datum-bis/2026-12-31/max/50,,Herren | Kreisliga,011MIARJNS000000VTVG0001VTR8C1K7,Spielgemeinschaft Schönwalde-Perwenitz-Paaren,away,"Rasenplatz, Sportplatz Brandstelle, Hauptplatz, Brandstelle, 14778 Roskow",Auswärtige Spielstätte,[]
Spielgemeinschaft Schönwalde-Perwenitz-Paaren,011MIARJNS000000VTVG0001VTR8C1K7,,bb6391fdc2a73a01d7963fa459bb6f97d15a6ac9a1668de2f6c2071b02c0d7d1,"So, | Herren | Kreisliga",league,exclude,https://www.fussball.de/spiel/sv-gruen-weiss-brieselang-ii-spielgemeinschaft-schoenwalde-perwenitz-paaren/-/spiel/031DP96DU8000000VS5489BUVUR5FS5A,dfb-regel-7-herren-2x45+halftime-15,2026-10-25T15:15+01:00,2026-10-25T11:30+01:00,031DP96DU8000000VS5489BUVUR5FS5A,SV Grün-Weiss Brieselang II,013A5H9RNG000000VV0AG80NVSRNRLT6,2026-10-25T12:30+01:00,105,2026-10-25T14:15+01:00,610479065,ME,,{},https://www.fussball.de/ajax.club.matchplan/-/id/00ES8GNBL0000049VV0AG08LVUPGND5I/mode/PAGE/show-filter/false/show-venues/true/mime-type/HTML/datum-von/2026-10-01/datum-bis/2026-12-31/max/50,,Herren | Kreisliga,011MIARJNS000000VTVG0001VTR8C1K7,Spielgemeinschaft Schönwalde-Perwenitz-Paaren,away,"Kunstrasenplatz, Fichte-Sportplatz, Kunstrasen, Karl-Marx-Str. 146, 14656 Brieselang",Auswärtige Spielstätte,[]
Eintracht Falkensee Ü50,02PGOOFHIO000000VS5489B2VV05N9JG,,af2c1e81cdd916a825e723ed98b1e9ce4fce3c27fe511a09b25db7af3a452d49,Herren Ü50 | Kreisliga,league,exclude,https://www.fussball.de/spiel/spg-perwenitz-schoenwalde-ue50-eintracht-falkensee-ue50/-/spiel/031DB8NS1G000000VS5489BUVUR5FS5A,fk-havelland-ue50-2026-27-dfb-standard+halftime-15,2026-11-06T22:45+01:00,2026-11-06T19:00+01:00,031DB8NS1G000000VS5489BUVUR5FS5A,SpG Perwenitz/​Schönwalde Ü50,02PKT2MAOC000000VS5489B2VT4FEOV2,2026-11-06T20:00+01:00,105,2026-11-06T21:45+01:00,610090024,ME,,{},https://www.fussball.de/ajax.club.matchplan/-/id/00ES8GNBL0000049VV0AG08LVUPGND5I/mode/PAGE/show-filter/false/show-venues/true/mime-type/HTML/datum-von/2026-10-01/datum-bis/2026-12-31/max/50,,Herren Ü50 | Kreisliga,02PKT2MAOC000000VS5489B2VT4FEOV2,SpG Perwenitz/​Schönwalde Ü50,home,"Rasenplatz, Sportplatz Perwenitz, Turmstr., 14621 Schönwalde-Glien",Perwenitz,[]
Schönwalder SV,01S69BH0IK000000VS548985VUL18RL3,,f3fc144ed966de834325ec6372ab32e134155e26b5582b69e3f721e00f369be0,"Sa, | D-Junioren | 1.Kreisklasse",league,exclude,https://www.fussball.de/spiel/sv-gruen-weiss-brieselang-i-schoenwalder-sv/-/spiel/031MGSR2I4000000VS5489BUVVKNMR0J,flb-jugendordnung-2025-12-13-d-2x30+halftime-15,2026-11-07T11:15+01:00,2026-11-07T08:00+01:00,031MGSR2I4000000VS5489BUVVKNMR0J,SV Grün-Weiss Brieselang I,011MIAEF18000000VTVG0001VTR8C1K7,2026-11-07T09:00+01:00,75,2026-11-07T10:15+01:00,610300028,ME,,{},https://www.fussball.de/ajax.club.matchplan/-/id/00ES8GNBL0000049VV0AG08LVUPGND5I/mode/PAGE/show-filter/false/show-venues/true/mime-type/HTML/datum-von/2026-10-01/datum-bis/2026-12-31/max/50,,D-Junioren | 1.Kreisklasse,01S69BH0IK000000VS548985VUL18RL3,Schönwalder SV,away,"Kunstrasenplatz, Fichte-Sportplatz, Kunstrasen, Karl-Marx-Str. 146, 14656 Brieselang",Auswärtige Spielstätte,[]
Schönwalder SV,02T7TD5NLG000000VS5489BSVU9LEHLB,,ef2958e1ebd13b1d3fa6c0dc55c3de4af9cd940b84cc624007fb7daa1f367096,A-Junioren | Landesklasse,league,exclude,https://www.fussball.de/spiel/fsv-schorfheide-joachimsthal-schoenwalder-sv/-/spiel/031HB5B91K000000VS5489BTVVG7L386,flb-jugendordnung-2025-12-13-a-2x45+halftime-15,2026-11-07T15:45+01:00,2026-11-07T12:00+01:00,031HB5B91K000000VS5489BTVVG7L386,FSV Schorfheide Joachimsthal,02TKDISEO0000000VS5489BSVSKABKDB,2026-11-07T13:00+01:00,105,2026-11-07T14:45+01:00,610142041,ME,,{},https://www.fussball.de/ajax.club.matchplan/-/id/00ES8GNBL0000049VV0AG08LVUPGND5I/mode/PAGE/show-filter/false/show-venues/true/mime-type/HTML/datum-von/2026-10-01/datum-bis/2026-12-31/max/50,,A-Junioren | Landesklasse,02T7TD5NLG000000VS5489BSVU9LEHLB,Schönwalder SV,away,"Rasenplatz, Sportplatz ""Fichte-Stadion"", Zorndorfer Straße , 16247 Joachimsthal",Auswärtige Spielstätte,[]
Spielgemeinschaft Schönwalde-Perwenitz-Paaren,011MIARJNS000000VTVG0001VTR8C1K7,,504ee1399ee79e825817a1740afaf9cc35b6ba2a3d31621cb9d0381578dbcdf8,"So, | Herren | Kreisliga",league,exclude,https://www.fussball.de/spiel/moegeliner-sc-1913-spielgemeinschaft-schoenwalde-perwenitz-paaren/-/spiel/031DP96DFS000000VS5489BUVUR5FS5A,dfb-regel-7-herren-2x45+halftime-15,2026-11-08T16:45+01:00,2026-11-08T13:00+01:00,031DP96DFS000000VS5489BUVUR5FS5A,Mögeliner SC 1913,011MIC8PBG000000VTVG0001VTR8C1K7,2026-11-08T14:00+01:00,105,2026-11-08T15:45+01:00,610479087,ME,,{},https://www.fussball.de/ajax.club.matchplan/-/id/00ES8GNBL0000049VV0AG08LVUPGND5I/mode/PAGE/show-filter/false/show-venues/true/mime-type/HTML/datum-von/2026-10-01/datum-bis/2026-12-31/max/50,,Herren | Kreisliga,011MIARJNS000000VTVG0001VTR8C1K7,Spielgemeinschaft Schönwalde-Perwenitz-Paaren,away,"Rasenplatz, Günther-Heitepriem-Sportplatz, Schulstr., 14727 Premnitz",Auswärtige Spielstätte,[]
Schönwalder SV (Ü40),02PKVQDTEK000000VS5489B2VT4FEOV2,,2ada530ede99ada0a896777f25fd95a91d090a5d8955fe4f10235a70025e645b,Herren Ü40 | Kreisliga,league,exclude,https://www.fussball.de/spiel/fsv-95-ketzin-falkenrehde-ue40-schoenwalder-sv-ue40/-/spiel/031DB86V08000000VS5489BUVUR5FS5A,fk-havelland-ue40-2026-27-dfb-standard+halftime-15,2026-11-14T16:45+01:00,2026-11-14T13:00+01:00,031DB86V08000000VS5489BUVUR5FS5A,FSV 95 Ketzin/​Falkenrehde Ü40,0279GSGFB8000000VS5489B2VVB7EFSC,2026-11-14T14:00+01:00,105,2026-11-14T15:45+01:00,610436025,ME,,{},https://www.fussball.de/ajax.club.matchplan/-/id/00ES8GNBL0000049VV0AG08LVUPGND5I/mode/PAGE/show-filter/false/show-venues/true/mime-type/HTML/datum-von/2026-10-01/datum-bis/2026-12-31/max/50,,Herren Ü40 | Kreisliga,02PKVQDTEK000000VS5489B2VT4FEOV2,Schönwalder SV (Ü40),away,"Rasenplatz, Sportplatz Ketzin, Friedrich-Ludwig-Jahn-Weg 32, 14669 Ketzin/Havel",Auswärtige Spielstätte,[]
Schönwalder SV,01S69BH0IK000000VS548985VUL18RL3,,8d9481b38df2e834c358d9240ac8705c39d4242a0c615667b811a83f19b1f666,D-Junioren | 1.Kreisklasse,league,exclude,https://www.fussball.de/spiel/bredower-sv-schoenwalder-sv/-/spiel/031MGSR2CG000000VS5489BUVVKNMR0J,flb-jugendordnung-2025-12-13-d-2x30+halftime-15,2026-11-14T17:15+01:00,2026-11-14T14:00+01:00,031MGSR2CG000000VS5489BUVVKNMR0J,Bredower SV,02T5ID09BO000000VS5489BSVTHE6UUT,2026-11-14T15:00+01:00,75,2026-11-14T16:15+01:00,610300031,ME,,{},https://www.fussball.de/ajax.club.matchplan/-/id/00ES8GNBL0000049VV0AG08LVUPGND5I/mode/PAGE/show-filter/false/show-venues/true/mime-type/HTML/datum-von/2026-10-01/datum-bis/2026-12-31/max/50,,D-Junioren | 1.Kreisklasse,01S69BH0IK000000VS548985VUL18RL3,Schönwalder SV,away,"Rasenplatz, Sportplatz Bredow, Oranienburger Str. 10b, 14656 Brieselang",Auswärtige Spielstätte,[]
SpG Perwenitz/​Schönwalde Ü50,02PKT2MAOC000000VS5489B2VT4FEOV2,,4e9a7d6f81cf7586106ed168bf3143a4f36debabd79893f2e4694b0f1d87495f,"Mo, | Herren Ü50 | Kreisliga",league,exclude,https://www.fussball.de/spiel/sv-blau-gelb-falkensee-spg-perwenitz-schoenwalde-ue50/-/spiel/031DB8NRSG000000VS5489BUVUR5FS5A,fk-havelland-ue50-2026-27-dfb-standard+halftime-15,2026-11-16T22:15+01:00,2026-11-16T18:30+01:00,031DB8NRSG000000VS5489BUVUR5FS5A,SV Blau-Gelb Falkensee,02PGDVHS1O000000VS5489B1VSCT0UPQ,2026-11-16T19:30+01:00,105,2026-11-16T21:15+01:00,610090025,ME,,{},https://www.fussball.de/ajax.club.matchplan/-/id/00ES8GNBL0000049VV0AG08LVUPGND5I/mode/PAGE/show-filter/false/show-venues/true/mime-type/HTML/datum-von/2026-10-01/datum-bis/2026-12-31/max/50,,Herren Ü50 | Kreisliga,02PKT2MAOC000000VS5489B2VT4FEOV2,SpG Perwenitz/​Schönwalde Ü50,away,"Rasenplatz, Sportplatz Straße der Einheit, Straße der Einheit 31, 14612 Falkensee",Auswärtige Spielstätte,[]
Schönwalder SV (9er),031A57Q7PG000000VS5489BSVU0ORN69,,cb79ed0d90707413cfccf05821994303ee4c56abcf913f2589566a52798d10a9,"Sa, | C-Junioren | 2.Kreisklasse",league,exclude,https://www.fussball.de/spiel/seeburger-sv-9er-schoenwalder-sv-9er/-/spiel/031MFGE3D8000000VS5489BUVVKNMR0J,flb-jugendordnung-2025-12-13-c-2x35+halftime-15,2026-11-21T12:25+01:00,2026-11-21T09:00+01:00,031MFGE3D8000000VS5489BUVVKNMR0J,Seeburger SV (9er),02T8G8J1F8000000VS5489BSVU9LEHLB,2026-11-21T10:00+01:00,85,2026-11-21T11:25+01:00,610215026,ME,,{},https://www.fussball.de/ajax.club.matchplan/-/id/00ES8GNBL0000049VV0AG08LVUPGND5I/mode/PAGE/show-filter/false/show-venues/true/mime-type/HTML/datum-von/2026-10-01/datum-bis/2026-12-31/max/50,,C-Junioren | 2.Kreisklasse,031A57Q7PG000000VS5489BSVU0ORN69,Schönwalder SV (9er),away,"Rasenplatz, Sportplatz Seeburg, Staakener Weg, 14624 Dallgow-Döberitz",Auswärtige Spielstätte,[]
Schönwalder SV,02T7TD5NLG000000VS5489BSVU9LEHLB,,dec3fb0abdac52484cba3dff136655f5f77cd81192d95c12f4c1a20ce1e0e47c,"So, | A-Junioren | Landesklasse",league,exclude,https://www.fussball.de/spiel/fv-preussen-eberswalde-schoenwalder-sv/-/spiel/031HB5B8IC000000VS5489BTVVG7L386,flb-jugendordnung-2025-12-13-a-2x45+halftime-15,2026-11-22T14:45+01:00,2026-11-22T11:00+01:00,031HB5B8IC000000VS5489BTVVG7L386,FV Preussen Eberswalde,01DAR93834000000VV0AG811VVO7G072,2026-11-22T12:00+01:00,105,2026-11-22T13:45+01:00,610142051,ME,,{},https://www.fussball.de/ajax.club.matchplan/-/id/00ES8GNBL0000049VV0AG08LVUPGND5I/mode/PAGE/show-filter/false/show-venues/true/mime-type/HTML/datum-von/2026-10-01/datum-bis/2026-12-31/max/50,,A-Junioren | Landesklasse,02T7TD5NLG000000VS5489BSVU9LEHLB,Schönwalder SV,away,"Rasenplatz, Westend-Stadion, Platz 2, Heegermühler Str. 69a, 16225 Eberswalde",Auswärtige Spielstätte,[]
Spielgemeinschaft Schönwalde-Perwenitz-Paaren,011MIARJNS000000VTVG0001VTR8C1K7,,01f28325f09f5f44f55ab5764f4c0916a5d2e6b92363c0839458c87166b9b411,Herren | Kreisliga,league,exclude,https://www.fussball.de/spiel/bsc-rathenow-spielgemeinschaft-schoenwalde-perwenitz-paaren/-/spiel/031DP96CQS000000VS5489BUVUR5FS5A,dfb-regel-7-herren-2x45+halftime-15,2026-11-22T15:45+01:00,2026-11-22T12:00+01:00,031DP96CQS000000VS5489BUVUR5FS5A,BSC Rathenow,011MIBBDPS000000VTVG0001VTR8C1K7,2026-11-22T13:00+01:00,105,2026-11-22T14:45+01:00,610479101,ME,,{},https://www.fussball.de/ajax.club.matchplan/-/id/00ES8GNBL0000049VV0AG08LVUPGND5I/mode/PAGE/show-filter/false/show-venues/true/mime-type/HTML/datum-von/2026-10-01/datum-bis/2026-12-31/max/50,,Herren | Kreisliga,011MIARJNS000000VTVG0001VTR8C1K7,Spielgemeinschaft Schönwalde-Perwenitz-Paaren,away,"Rasenplatz, Sportplatz am Schwedendamm, Platz 1, Schwedendamm 8, 14712 Rathenow",Auswärtige Spielstätte,[]
Spielgemeinschaft Schönwalde-Perwenitz-Paaren,011MIARJNS000000VTVG0001VTR8C1K7,,37acdedf15666939654aaaddc6affd11ee958ee63fc447f8c6c332f33eb2c228,"So, | Herren | Kreisliga",league,exclude,https://www.fussball.de/spiel/sv-kloster-lehnin-spielgemeinschaft-schoenwalde-perwenitz-paaren/-/spiel/031DP96C8O000000VS5489BUVUR5FS5A,dfb-regel-7-herren-2x45+halftime-15,2026-12-06T15:45+01:00,2026-12-06T12:00+01:00,031DP96C8O000000VS5489BUVUR5FS5A,SV Kloster Lehnin,011MIEVFVC000000VTVG0001VTR8C1K7,2026-12-06T13:00+01:00,105,2026-12-06T14:45+01:00,610479115,ME,,{},https://www.fussball.de/ajax.club.matchplan/-/id/00ES8GNBL0000049VV0AG08LVUPGND5I/mode/PAGE/show-filter/false/show-venues/true/mime-type/HTML/datum-von/2026-10-01/datum-bis/2026-12-31/max/50,,Herren | Kreisliga,011MIARJNS000000VTVG0001VTR8C1K7,Spielgemeinschaft Schönwalde-Perwenitz-Paaren,away,"Rasenplatz, Sportplatz Lehnin, Platz 1, Potsdamer Str. 2, 14797 Kloster Lehnin",Auswärtige Spielstätte,[]
Spielgemeinschaft Schönwalde-Perwenitz-Paaren,011MIARJNS000000VTVG0001VTR8C1K7,,bf68bfd70b3287ea6b89a02a5c9ca0eff40d8a89e8b5fecdd0163a8ec6bf545e,"So, | Herren | Kreisliga",league,exclude,https://www.fussball.de/spiel/fc-borussia-brandenburg-ii-spielgemeinschaft-schoenwalde-perwenitz-paaren/-/spiel/031DP96JCG000000VS5489BUVUR5FS5A,dfb-regel-7-herren-2x45+halftime-15,2027-02-21T16:45+01:00,2027-02-21T13:00+01:00,031DP96JCG000000VS5489BUVUR5FS5A,FC Borussia Brandenburg II,011MIEQFSS000000VTVG0001VTR8C1K7,2027-02-21T14:00+01:00,105,2027-02-21T15:45+01:00,610479127,ME,,{},https://www.fussball.de/ajax.club.matchplan/-/id/00ES8GNBL0000049VV0AG08LVUPGND5I/mode/PAGE/show-filter/false/show-venues/true/mime-type/HTML/datum-von/2027-01-01/datum-bis/2027-03-31/max/50,,Herren | Kreisliga,011MIARJNS000000VTVG0001VTR8C1K7,Spielgemeinschaft Schönwalde-Perwenitz-Paaren,away,"Kunstrasenplatz, Kunstrasenplatz Massowburg, Massowburg, 14772 Brandenburg an der Havel",Auswärtige Spielstätte,[]
Schönwalder SV,02T7TD5NLG000000VS5489BSVU9LEHLB,,cdd59ac5ba7a10fb77bb3abefc9b8ecb59ae477cda6e5693f991d0740612a3de,"So, | A-Junioren | Landesklasse",league,exclude,https://www.fussball.de/spiel/fc-schwedt-02-a-junioren-schoenwalder-sv/-/spiel/031HB5BDT4000000VS5489BTVVG7L386,flb-jugendordnung-2025-12-13-a-2x45+halftime-15,2027-03-07T13:45+01:00,2027-03-07T10:00+01:00,031HB5BDT4000000VS5489BTVVG7L386,FC Schwedt 02,01KQKN6M8K000000VV0AG811VSVU41QE,2027-03-07T11:00+01:00,105,2027-03-07T12:45+01:00,610142077,ME,,{},https://www.fussball.de/ajax.club.matchplan/-/id/00ES8GNBL0000049VV0AG08LVUPGND5I/mode/PAGE/show-filter/false/show-venues/true/mime-type/HTML/datum-von/2027-01-01/datum-bis/2027-03-31/max/50,,A-Junioren | Landesklasse,02T7TD5NLG000000VS5489BSVU9LEHLB,Schönwalder SV,away,"Rasenplatz, Stadion Heinrichslust, Platz 2, Am Sportplatz 12a, 16303 Schwedt/Oder",Auswärtige Spielstätte,[]
Schönwalder SV (Ü40),02PKVQDTEK000000VS5489B2VT4FEOV2,,5af4a6af3d8cc9e80e35782737b6f6b7b01d306bb6d89326ed0143d9f8e137ea,"Fr, | Herren Ü40 | Kreisliga",league,exclude,https://www.fussball.de/spiel/sv-gruen-weiss-brieselang-ue40-schoenwalder-sv-ue40/-/spiel/031DB870KG000000VS5489BUVUR5FS5A,fk-havelland-ue40-2026-27-dfb-standard+halftime-15,2027-03-12T22:30+01:00,2027-03-12T18:45+01:00,031DB870KG000000VS5489BUVUR5FS5A,SV Grün-Weiss Brieselang Ü40,02I8BG3NRC000000VS5489B1VTAQ4EE6,2027-03-12T19:45+01:00,105,2027-03-12T21:30+01:00,610436036,ME,,{},https://www.fussball.de/ajax.club.matchplan/-/id/00ES8GNBL0000049VV0AG08LVUPGND5I/mode/PAGE/show-filter/false/show-venues/true/mime-type/HTML/datum-von/2027-01-01/datum-bis/2027-03-31/max/50,,Herren Ü40 | Kreisliga,02PKVQDTEK000000VS5489B2VT4FEOV2,Schönwalder SV (Ü40),away,"Kunstrasenplatz, Fichte-Sportplatz, Kunstrasen, Karl-Marx-Str. 146, 14656 Brieselang",Auswärtige Spielstätte,[]
Spielgemeinschaft Schönwalde-Perwenitz-Paaren,011MIARJNS000000VTVG0001VTR8C1K7,,f07901dd0454535d282bc9e147c770598d155d61aa7a9e6157acf31782618cdf,"So, | Herren | Kreisliga",league,exclude,https://www.fussball.de/spiel/brandenburger-srk-spielgemeinschaft-schoenwalde-perwenitz-paaren/-/spiel/031DP96O6K000000VS5489BUVUR5FS5A,dfb-regel-7-herren-2x45+halftime-15,2027-03-14T17:45+01:00,2027-03-14T14:00+01:00,031DP96O6K000000VS5489BUVUR5FS5A,Brandenburger SRK,011MIENL9O000000VTVG0001VTR8C1K7,2027-03-14T15:00+01:00,105,2027-03-14T16:45+01:00,610479151,ME,,{},https://www.fussball.de/ajax.club.matchplan/-/id/00ES8GNBL0000049VV0AG08LVUPGND5I/mode/PAGE/show-filter/false/show-venues/true/mime-type/HTML/datum-von/2027-01-01/datum-bis/2027-03-31/max/50,,Herren | Kreisliga,011MIARJNS000000VTVG0001VTR8C1K7,Spielgemeinschaft Schönwalde-Perwenitz-Paaren,away,"Rasenplatz, Sportanlagen Grillendamm, Grillendamm 17, 14776 Brandenburg an der Havel",Auswärtige Spielstätte,[]
SpG Perwenitz/​Schönwalde Ü50,02PKT2MAOC000000VS5489B2VT4FEOV2,,78319fc8070c400d9a85383490f9ad89b07b86963e6d1ece055512559aacd147,"Mo, | Herren Ü50 | Kreisliga",league,exclude,https://www.fussball.de/spiel/sv-gruen-weiss-brieselang-ue50-spg-perwenitz-schoenwalde-ue50/-/spiel/031DB8NT8G000000VS5489BUVUR5FS5A,fk-havelland-ue50-2026-27-dfb-standard+halftime-15,2027-03-15T22:45+01:00,2027-03-15T19:00+01:00,031DB8NT8G000000VS5489BUVUR5FS5A,SV Grün-Weiss Brieselang Ü50,02PM0L5KGK000000VS5489B1VS5DN01P,2027-03-15T20:00+01:00,105,2027-03-15T21:45+01:00,610090036,ME,,{},https://www.fussball.de/ajax.club.matchplan/-/id/00ES8GNBL0000049VV0AG08LVUPGND5I/mode/PAGE/show-filter/false/show-venues/true/mime-type/HTML/datum-von/2027-01-01/datum-bis/2027-03-31/max/50,,Herren Ü50 | Kreisliga,02PKT2MAOC000000VS5489B2VT4FEOV2,SpG Perwenitz/​Schönwalde Ü50,away,"Rasenplatz, Sportanlagen des ESV Lok Elstal, Platz 1, Ernst-Walter-Weg 39a, 14641 Wustermark",Auswärtige Spielstätte,[]
Spielgemeinschaft Schönwalde-Perwenitz-Paaren,011MIARJNS000000VTVG0001VTR8C1K7,,25a037bb3043a013e44eb368960af8f1cc4181faad6ea016db60caabe366c40a,"So, | Herren | Kreisliga",league,exclude,https://www.fussball.de/spiel/sv-hohennauen-spielgemeinschaft-schoenwalde-perwenitz-paaren/-/spiel/031DP96MUG000000VS5489BUVUR5FS5A,dfb-regel-7-herren-2x45+halftime-15,2027-04-04T17:45+02:00,2027-04-04T14:00+02:00,031DP96MUG000000VS5489BUVUR5FS5A,SV Hohennauen,011MIBP1PG000000VTVG0001VTR8C1K7,2027-04-04T15:00+02:00,105,2027-04-04T16:45+02:00,610479167,ME,,{},https://www.fussball.de/ajax.club.matchplan/-/id/00ES8GNBL0000049VV0AG08LVUPGND5I/mode/PAGE/show-filter/false/show-venues/true/mime-type/HTML/datum-von/2027-04-01/datum-bis/2027-06-30/max/50,,Herren | Kreisliga,011MIARJNS000000VTVG0001VTR8C1K7,Spielgemeinschaft Schönwalde-Perwenitz-Paaren,away,"Rasenplatz, Sportplatz Hohennauen, Am Hohennauener See, 14715 Seeblick",Auswärtige Spielstätte,[]
SpG Perwenitz/​Schönwalde Ü50,02PKT2MAOC000000VS5489B2VT4FEOV2,,2f451e0aabea1d72454df201e824b774daaa5a0c69c7fe82eee3f046146379a1,"Fr, | Herren Ü50 | Kreisliga",league,exclude,https://www.fussball.de/spiel/sg-bornim-ue50-spg-perwenitz-schoenwalde-ue50/-/spiel/031DB8NSUS000000VS5489BUVUR5FS5A,fk-havelland-ue50-2026-27-dfb-standard+halftime-15,2027-04-16T22:15+02:00,2027-04-16T18:30+02:00,031DB8NSUS000000VS5489BUVUR5FS5A,SG Bornim Ü50,02PL1LJHSK000000VS5489B1VS5DN01P,2027-04-16T19:30+02:00,105,2027-04-16T21:15+02:00,610090044,ME,,{},https://www.fussball.de/ajax.club.matchplan/-/id/00ES8GNBL0000049VV0AG08LVUPGND5I/mode/PAGE/show-filter/false/show-venues/true/mime-type/HTML/datum-von/2027-04-01/datum-bis/2027-06-30/max/50,,Herren Ü50 | Kreisliga,02PKT2MAOC000000VS5489B2VT4FEOV2,SpG Perwenitz/​Schönwalde Ü50,away,"Kunstrasenplatz, Stephan-Albrecht-Platz, Golmer Chaussee 12, 14469 Potsdam",Auswärtige Spielstätte,[]
Schönwalder SV (Ü40),02PKVQDTEK000000VS5489B2VT4FEOV2,,55985d79c02b680cd4ac477de57f0669333d241e21865f37803475470c95c016,Herren Ü40 | Kreisliga,league,exclude,https://www.fussball.de/spiel/sv-dallgow-47-schoenwalder-sv-ue40/-/spiel/031DB870AK000000VS5489BUVUR5FS5A,fk-havelland-ue40-2026-27-dfb-standard+halftime-15,2027-04-16T22:45+02:00,2027-04-16T19:00+02:00,031DB870AK000000VS5489BUVUR5FS5A,SV Dallgow 47,02PKTPROMG000000VS5489B1VS5DN01P,2027-04-16T20:00+02:00,105,2027-04-16T21:45+02:00,610436044,ME,,{},https://www.fussball.de/ajax.club.matchplan/-/id/00ES8GNBL0000049VV0AG08LVUPGND5I/mode/PAGE/show-filter/false/show-venues/true/mime-type/HTML/datum-von/2027-04-01/datum-bis/2027-06-30/max/50,,Herren Ü40 | Kreisliga,02PKVQDTEK000000VS5489B2VT4FEOV2,Schönwalder SV (Ü40),away,"Kunstrasenplatz, Fußballplatz Dallgow, Charlottenstr. 1-3, 14624 Dallgow-Döberitz",Auswärtige Spielstätte,[]
Schönwalder SV,02T7TD5NLG000000VS5489BSVU9LEHLB,,716395068aa3595c13957723be8be6a824b0d6e0ca37fe2c621a5377ae2cccc3,"So, | A-Junioren | Landesklasse",league,exclude,https://www.fussball.de/spiel/oranienburger-fc-eintracht-u19-schoenwalder-sv/-/spiel/031HB5BD7G000000VS5489BTVVG7L386,flb-jugendordnung-2025-12-13-a-2x45+halftime-15,2027-04-18T13:45+02:00,2027-04-18T10:00+02:00,031HB5BD7G000000VS5489BTVVG7L386,Oranienburger FC Eintracht,011MIEH5CS000000VTVG0001VTR8C1K7,2027-04-18T11:00+02:00,105,2027-04-18T12:45+02:00,610142095,ME,,{},https://www.fussball.de/ajax.club.matchplan/-/id/00ES8GNBL0000049VV0AG08LVUPGND5I/mode/PAGE/show-filter/false/show-venues/true/mime-type/HTML/datum-von/2027-04-01/datum-bis/2027-06-30/max/50,,A-Junioren | Landesklasse,02T7TD5NLG000000VS5489BSVU9LEHLB,Schönwalder SV,away,"Rasenplatz, ORAFOL - Arena, Platz 2, André-Pican-Str. 41a, 16515 Oranienburg",Auswärtige Spielstätte,[]
Spielgemeinschaft Schönwalde-Perwenitz-Paaren,011MIARJNS000000VTVG0001VTR8C1K7,,a92e3e08869852b4233110196b556a5463fa534f6c76edb116773accbb07a67a,Herren | Kreisliga,league,exclude,https://www.fussball.de/spiel/fc-rot-weiss-nennhausen-spielgemeinschaft-schoenwalde-perwenitz-paaren/-/spiel/031DP96LO4000000VS5489BUVUR5FS5A,dfb-regel-7-herren-2x45+halftime-15,2027-04-18T17:45+02:00,2027-04-18T14:00+02:00,031DP96LO4000000VS5489BUVUR5FS5A,FC Rot-Weiß Nennhausen,01S5VKUGB0000000VS548985VUL18RL3,2027-04-18T15:00+02:00,105,2027-04-18T16:45+02:00,610479183,ME,,{},https://www.fussball.de/ajax.club.matchplan/-/id/00ES8GNBL0000049VV0AG08LVUPGND5I/mode/PAGE/show-filter/false/show-venues/true/mime-type/HTML/datum-von/2027-04-01/datum-bis/2027-06-30/max/50,,Herren | Kreisliga,011MIARJNS000000VTVG0001VTR8C1K7,Spielgemeinschaft Schönwalde-Perwenitz-Paaren,away,"Rasenplatz, Fontane Sportanlage Nennhausen, Am Weinberg, 14715 Nennhausen",Auswärtige Spielstätte,[]
Schönwalder SV,02T7TD5NLG000000VS5489BSVU9LEHLB,,06dfa1722f82b15ca921a91ede14e2d568347f54bc5b772337d0941483dabd00,"So, | A-Junioren | Landesklasse",league,exclude,https://www.fussball.de/spiel/msv-1919-neuruppin-u19-schoenwalder-sv/-/spiel/031HB5BE70000000VS5489BTVVG7L386,flb-jugendordnung-2025-12-13-a-2x45+halftime-15,2027-05-02T14:15+02:00,2027-05-02T10:30+02:00,031HB5BE70000000VS5489BTVVG7L386,MSV 1919 Neuruppin,030OTLPKMO000000VS5489BRVTOJ9IF5,2027-05-02T11:30+02:00,105,2027-05-02T13:15+02:00,610142101,ME,,{},https://www.fussball.de/ajax.club.matchplan/-/id/00ES8GNBL0000049VV0AG08LVUPGND5I/mode/PAGE/show-filter/false/show-venues/true/mime-type/HTML/datum-von/2027-04-01/datum-bis/2027-06-30/max/50,,A-Junioren | Landesklasse,02T7TD5NLG000000VS5489BSVU9LEHLB,Schönwalder SV,away,"Rasenplatz, Volksparkstadion, Platz 1, Alt Ruppiner Allee 56, 16816 Neuruppin",Auswärtige Spielstätte,[]
Spielgemeinschaft Schönwalde-Perwenitz-Paaren,011MIARJNS000000VTVG0001VTR8C1K7,,fb30df045fec0ea17a1b66950bc45b4762c2fa46b60ff3f2e9197e664745a9ac,Herren | Kreisliga,league,exclude,https://www.fussball.de/spiel/sv-blau-weiss-damsdorf-spielgemeinschaft-schoenwalde-perwenitz-paaren/-/spiel/031DP96KFO000000VS5489BUVUR5FS5A,dfb-regel-7-herren-2x45+halftime-15,2027-05-02T17:45+02:00,2027-05-02T14:00+02:00,031DP96KFO000000VS5489BUVUR5FS5A,SV Blau-Weiß Damsdorf,011MIAJLF8000000VTVG0001VTR8C1K7,2027-05-02T15:00+02:00,105,2027-05-02T16:45+02:00,610479199,ME,,{},https://www.fussball.de/ajax.club.matchplan/-/id/00ES8GNBL0000049VV0AG08LVUPGND5I/mode/PAGE/show-filter/false/show-venues/true/mime-type/HTML/datum-von/2027-04-01/datum-bis/2027-06-30/max/50,,Herren | Kreisliga,011MIARJNS000000VTVG0001VTR8C1K7,Spielgemeinschaft Schönwalde-Perwenitz-Paaren,away,"Rasenplatz, Sportplatz Damsdorf, Platz 1, Alte Lindenstr. 8a, 14797 Kloster Lehnin",Auswärtige Spielstätte,[]
Schönwalder SV,02T7TD5NLG000000VS5489BSVU9LEHLB,,ad52e5e8f1951d92a1f14b0146fadb59be8f1c37f51629473d7040bc8067e761,"So, | A-Junioren | Landesklasse",league,exclude,https://www.fussball.de/spiel/sg-gruen-weiss-rehfelde-schoenwalder-sv/-/spiel/031HB5BCFO000000VS5489BTVVG7L386,flb-jugendordnung-2025-12-13-a-2x45+halftime-15,2027-05-09T14:45+02:00,2027-05-09T11:00+02:00,031HB5BCFO000000VS5489BTVVG7L386,SG Grün-Weiß Rehfelde,0318S4RIF0000000VS5489BSVU0ORN69,2027-05-09T12:00+02:00,105,2027-05-09T13:45+02:00,610142107,ME,,{},https://www.fussball.de/ajax.club.matchplan/-/id/00ES8GNBL0000049VV0AG08LVUPGND5I/mode/PAGE/show-filter/false/show-venues/true/mime-type/HTML/datum-von/2027-04-01/datum-bis/2027-06-30/max/50,,A-Junioren | Landesklasse,02T7TD5NLG000000VS5489BSVU9LEHLB,Schönwalder SV,away,"Rasenplatz, Sportplatz Rehfelde, Hauptplatz, Elsholzstr. 6, 15345 Rehfelde",Auswärtige Spielstätte,[]
Schönwalder SV (Ü40),02PKVQDTEK000000VS5489B2VT4FEOV2,,06661937436dc7b30307a893865a121a593632c679232a25c891e6ffdbe3a5fd,Herren Ü40 | Kreisliga,league,exclude,https://www.fussball.de/spiel/sv-falkensee-finkenkrug-schoenwalder-sv-ue40/-/spiel/031DB87020000000VS5489BUVUR5FS5A,fk-havelland-ue40-2026-27-dfb-standard+halftime-15,2027-05-21T22:15+02:00,2027-05-21T18:30+02:00,031DB87020000000VS5489BUVUR5FS5A,SV Falkensee-Finkenkrug,02EIA4DI38000000VS5489B2VS183IS6,2027-05-21T19:30+02:00,105,2027-05-21T21:15+02:00,610436052,ME,,{},https://www.fussball.de/ajax.club.matchplan/-/id/00ES8GNBL0000049VV0AG08LVUPGND5I/mode/PAGE/show-filter/false/show-venues/true/mime-type/HTML/datum-von/2027-04-01/datum-bis/2027-06-30/max/50,,Herren Ü40 | Kreisliga,02PKVQDTEK000000VS5489B2VT4FEOV2,Schönwalder SV (Ü40),away,"Kunstrasenplatz, Sportpark Rosenstraße, KR 1, Rosenstr., 14612 Falkensee",Auswärtige Spielstätte,[]
SpG Perwenitz/​Schönwalde Ü50,02PKT2MAOC000000VS5489B2VT4FEOV2,,a7f8dfd1472833ba7144ba6369b278e57ea7ed819bb904c5a369672d489afdb2,"Fr, | Herren Ü50 | Kreisliga",league,exclude,https://www.fussball.de/spiel/eintracht-falkensee-ue50-spg-perwenitz-schoenwalde-ue50/-/spiel/031DB8NSMS000000VS5489BUVUR5FS5A,fk-havelland-ue50-2026-27-dfb-standard+halftime-15,2027-05-21T22:15+02:00,2027-05-21T18:30+02:00,031DB8NSMS000000VS5489BUVUR5FS5A,Eintracht Falkensee Ü50,02PGOOFHIO000000VS5489B2VV05N9JG,2027-05-21T19:30+02:00,105,2027-05-21T21:15+02:00,610090052,ME,,{},https://www.fussball.de/ajax.club.matchplan/-/id/00ES8GNBL0000049VV0AG08LVUPGND5I/mode/PAGE/show-filter/false/show-venues/true/mime-type/HTML/datum-von/2027-04-01/datum-bis/2027-06-30/max/50,,Herren Ü50 | Kreisliga,02PKT2MAOC000000VS5489B2VT4FEOV2,SpG Perwenitz/​Schönwalde Ü50,away,"Kunstrasenplatz, Sportpark Rosenstraße, KR 2, Rosenstr., 14612 Falkensee",Auswärtige Spielstätte,[]
Schönwalder SV,02T7TD5NLG000000VS5489BSVU9LEHLB,,792d09cdc0884df46c2d07107fa13426b03211226cb12ace6397ab71de94f29d,"So, | A-Junioren | Landesklasse",league,exclude,https://www.fussball.de/spiel/fv-erkner-1920-schoenwalder-sv/-/spiel/031HB5BBQ0000000VS5489BTVVG7L386,flb-jugendordnung-2025-12-13-a-2x45+halftime-15,2027-05-30T15:45+02:00,2027-05-30T12:00+02:00,031HB5BBQ0000000VS5489BTVVG7L386,FV Erkner 1920,01D8SC7DKK000000VV0AG80NVUGKJV47,2027-05-30T13:00+02:00,105,2027-05-30T14:45+02:00,610142119,ME,,{},https://www.fussball.de/ajax.club.matchplan/-/id/00ES8GNBL0000049VV0AG08LVUPGND5I/mode/PAGE/show-filter/false/show-venues/true/mime-type/HTML/datum-von/2027-04-01/datum-bis/2027-06-30/max/50,,A-Junioren | Landesklasse,02T7TD5NLG000000VS5489BSVU9LEHLB,Schönwalder SV,away,"Kunstrasenplatz, Erich-Ring-Stadion, KR, Am Dämeritzsee 1, 15537 Erkner",Auswärtige Spielstätte,[]
Spielgemeinschaft Schönwalde-Perwenitz-Paaren,011MIARJNS000000VTVG0001VTR8C1K7,,2c8dfab35ae58f92ef6f422cedb4a648a726413c0eeba384df8baa76f499f876,"Sa, | Herren | Kreisliga",league,exclude,https://www.fussball.de/spiel/vfl-nauen-ii-spielgemeinschaft-schoenwalde-perwenitz-paaren/-/spiel/031DP96HCS000000VS5489BUVUR5FS5A,dfb-regel-7-herren-2x45+halftime-15,2027-06-12T19:45+02:00,2027-06-12T16:00+02:00,031DP96HCS000000VS5489BUVUR5FS5A,VfL Nauen II,011MI9UBJO000000VTVG0001VTR8C1K7,2027-06-12T17:00+02:00,105,2027-06-12T18:45+02:00,610479239,ME,,{},https://www.fussball.de/ajax.club.matchplan/-/id/00ES8GNBL0000049VV0AG08LVUPGND5I/mode/PAGE/show-filter/false/show-venues/true/mime-type/HTML/datum-von/2027-04-01/datum-bis/2027-06-30/max/50,,Herren | Kreisliga,011MIARJNS000000VTVG0001VTR8C1K7,Spielgemeinschaft Schönwalde-Perwenitz-Paaren,away,"Rasenplatz, Sportplatz F.-L.-Jahn-Straße, Platz 2, Ludwig-Jahn-Str. 20, 14641 Nauen",Auswärtige Spielstätte,[]
Schönwalder SV,02T7TD5NLG000000VS5489BSVU9LEHLB,,4a25db07cbfb3320df0c9781a5386c152981297059201ee06be619f4e2034dd0,"So, | A-Junioren | Landesklasse",league,exclude,https://www.fussball.de/spiel/vfl-nauen-sv-gruen-weiss-brieselang-schoenwalder-sv/-/spiel/031HB5BB5O000000VS5489BTVVG7L386,flb-jugendordnung-2025-12-13-a-2x45+halftime-15,2027-06-13T13:45+02:00,2027-06-13T10:00+02:00,031HB5BB5O000000VS5489BTVVG7L386,VfL Nauen/​SV Grün-Weiss Brieselang,0277CFCJJ4000000VS5489B1VSBHJ1NS,2027-06-13T11:00+02:00,105,2027-06-13T12:45+02:00,610142131,ME,,{},https://www.fussball.de/ajax.club.matchplan/-/id/00ES8GNBL0000049VV0AG08LVUPGND5I/mode/PAGE/show-filter/false/show-venues/true/mime-type/HTML/datum-von/2027-04-01/datum-bis/2027-06-30/max/50,,A-Junioren | Landesklasse,02T7TD5NLG000000VS5489BSVU9LEHLB,Schönwalder SV,away,"Rasenplatz, Sportplatz F.-L.-Jahn-Straße, Platz 2, Ludwig-Jahn-Str. 20, 14641 Nauen",Auswärtige Spielstätte,[]
spielfrei,02PKT2MAOC000000VS5489B2VT4FEOV2,,381eedeb07b8c7260533c33962b11b03634da134b6bc9db0e27688597015645e,Herren Ü50 | Kreisliga,,exclude,,,,,610090001,SpG Perwenitz/​Schönwalde Ü50,02PKT2MAOC000000VS5489B2VT4FEOV2,,0,,610090001,ME,,{},https://www.fussball.de/ajax.club.matchplan/-/id/00ES8GNBL0000049VV0AG08LVUPGND5I/mode/PAGE/show-filter/false/show-venues/true/mime-type/HTML/datum-von/2026-07-01/datum-bis/2026-09-30/max/50,,Herren Ü50 | Kreisliga,02PKT2MAOC000000VS5489B2VT4FEOV2,SpG Perwenitz/​Schönwalde Ü50,home,,Spielfrei,"[""Datum oder Anstoßzeit nicht eindeutig lesbar""]"
spielfrei,02PKT2MAOC000000VS5489B2VT4FEOV2,,381eedeb07b8c7260533c33962b11b03634da134b6bc9db0e27688597015645e,Herren Ü50 | Kreisliga,,exclude,,,,,610090029,SpG Perwenitz/​Schönwalde Ü50,02PKT2MAOC000000VS5489B2VT4FEOV2,,0,,610090029,ME,,{},https://www.fussball.de/ajax.club.matchplan/-/id/00ES8GNBL0000049VV0AG08LVUPGND5I/mode/PAGE/show-filter/false/show-venues/true/mime-type/HTML/datum-von/2027-01-01/datum-bis/2027-03-31/max/50,,Herren Ü50 | Kreisliga,02PKT2MAOC000000VS5489B2VT4FEOV2,SpG Perwenitz/​Schönwalde Ü50,home,,Spielfrei,"[""Datum oder Anstoßzeit nicht eindeutig lesbar""]"
spielfrei,031A57Q7PG000000VS5489BSVU0ORN69,,8e98c8f68a6e63a489e261bb2aefc01a4bb9d0afeced0c6b0d54800d2946b831,C-Junioren | 2.Kreisklasse,,exclude,,,,,610215022,Schönwalder SV (9er),031A57Q7PG000000VS5489BSVU0ORN69,,0,,610215022,ME,,{},https://www.fussball.de/ajax.club.matchplan/-/id/00ES8GNBL0000049VV0AG08LVUPGND5I/mode/PAGE/show-filter/false/show-venues/true/mime-type/HTML/datum-von/2026-10-01/datum-bis/2026-12-31/max/50,,C-Junioren | 2.Kreisklasse,031A57Q7PG000000VS5489BSVU0ORN69,Schönwalder SV (9er),home,,Spielfrei,"[""Datum oder Anstoßzeit nicht eindeutig lesbar""]"
spielfrei,01S69BH0IK000000VS548985VUL18RL3,,185f29f54d4aeb84b39a2bef337c08e32501008c9b3b13ff9e2439f92b17dc8e,D-Junioren | 1.Kreisklasse,,exclude,,,,,610300044,Schönwalder SV,01S69BH0IK000000VS548985VUL18RL3,,0,,610300044,ME,,{},https://www.fussball.de/ajax.club.matchplan/-/id/00ES8GNBL0000049VV0AG08LVUPGND5I/mode/PAGE/show-filter/false/show-venues/true/mime-type/HTML/datum-von/2026-10-01/datum-bis/2026-12-31/max/50,,D-Junioren | 1.Kreisklasse,01S69BH0IK000000VS548985VUL18RL3,Schönwalder SV,home,,Spielfrei,"[""Datum oder Anstoßzeit nicht eindeutig lesbar""]"
spielfrei,02PKVQDTEK000000VS5489B2VT4FEOV2,,0ca9fd121c3656924da664c251c674404c335cbaf951ade7c2ce0623152da150,"Mo, | Herren Ü40 | Kreisliga",,exclude,,,,,610436001,Schönwalder SV (Ü40),02PKVQDTEK000000VS5489B2VT4FEOV2,,0,,610436001,ME,,{},https://www.fussball.de/ajax.club.matchplan/-/id/00ES8GNBL0000049VV0AG08LVUPGND5I/mode/PAGE/show-filter/false/show-venues/true/mime-type/HTML/datum-von/2026-07-01/datum-bis/2026-09-30/max/50,,Herren Ü40 | Kreisliga,02PKVQDTEK000000VS5489B2VT4FEOV2,Schönwalder SV (Ü40),home,,Spielfrei,"[""Datum oder Anstoßzeit nicht eindeutig lesbar""]"
spielfrei,02PKVQDTEK000000VS5489B2VT4FEOV2,,0ca9fd121c3656924da664c251c674404c335cbaf951ade7c2ce0623152da150,"Mo, | Herren Ü40 | Kreisliga",,exclude,,,,,610436029,Schönwalder SV (Ü40),02PKVQDTEK000000VS5489B2VT4FEOV2,,0,,610436029,ME,,{},https://www.fussball.de/ajax.club.matchplan/-/id/00ES8GNBL0000049VV0AG08LVUPGND5I/mode/PAGE/show-filter/false/show-venues/true/mime-type/HTML/datum-von/2027-01-01/datum-bis/2027-03-31/max/50,,Herren Ü40 | Kreisliga,02PKVQDTEK000000VS5489B2VT4FEOV2,Schönwalder SV (Ü40),home,,Spielfrei,"[""Datum oder Anstoßzeit nicht eindeutig lesbar""]"
spielfrei,011MIARJNS000000VTVG0001VTR8C1K7,,5a010989a6b769efa4185f12adacef3d27188c27a788907b24a5fd674874443a,Herren | Kreisliga,,exclude,,,,,610479037,Spielgemeinschaft Schönwalde-Perwenitz-Paaren,011MIARJNS000000VTVG0001VTR8C1K7,,0,,610479037,ME,,{},https://www.fussball.de/ajax.club.matchplan/-/id/00ES8GNBL0000049VV0AG08LVUPGND5I/mode/PAGE/show-filter/false/show-venues/true/mime-type/HTML/datum-von/2026-07-01/datum-bis/2026-09-30/max/50,,Herren | Kreisliga,011MIARJNS000000VTVG0001VTR8C1K7,Spielgemeinschaft Schönwalde-Perwenitz-Paaren,home,,Spielfrei,"[""Datum oder Anstoßzeit nicht eindeutig lesbar""]"
spielfrei,011MIARJNS000000VTVG0001VTR8C1K7,,5a010989a6b769efa4185f12adacef3d27188c27a788907b24a5fd674874443a,"So, | Herren | Kreisliga",,exclude,,,,,610479111,Spielgemeinschaft Schönwalde-Perwenitz-Paaren,011MIARJNS000000VTVG0001VTR8C1K7,,0,,610479111,ME,,{},https://www.fussball.de/ajax.club.matchplan/-/id/00ES8GNBL0000049VV0AG08LVUPGND5I/mode/PAGE/show-filter/false/show-venues/true/mime-type/HTML/datum-von/2026-10-01/datum-bis/2026-12-31/max/50,,Herren | Kreisliga,011MIARJNS000000VTVG0001VTR8C1K7,Spielgemeinschaft Schönwalde-Perwenitz-Paaren,home,,Spielfrei,"[""Datum oder Anstoßzeit nicht eindeutig lesbar""]"
spielfrei,011MIARJNS000000VTVG0001VTR8C1K7,,5a010989a6b769efa4185f12adacef3d27188c27a788907b24a5fd674874443a,"So, | Herren | Kreisliga",,exclude,,,,,610479157,Spielgemeinschaft Schönwalde-Perwenitz-Paaren,011MIARJNS000000VTVG0001VTR8C1K7,,0,,610479157,ME,,{},https://www.fussball.de/ajax.club.matchplan/-/id/00ES8GNBL0000049VV0AG08LVUPGND5I/mode/PAGE/show-filter/false/show-venues/true/mime-type/HTML/datum-von/2027-01-01/datum-bis/2027-03-31/max/50,,Herren | Kreisliga,011MIARJNS000000VTVG0001VTR8C1K7,Spielgemeinschaft Schönwalde-Perwenitz-Paaren,home,,Spielfrei,"[""Datum oder Anstoßzeit nicht eindeutig lesbar""]"
spielfrei,011MIARJNS000000VTVG0001VTR8C1K7,,5a010989a6b769efa4185f12adacef3d27188c27a788907b24a5fd674874443a,Herren | Kreisliga,,exclude,,,,,610479223,Spielgemeinschaft Schönwalde-Perwenitz-Paaren,011MIARJNS000000VTVG0001VTR8C1K7,,0,,610479223,ME,,{},https://www.fussball.de/ajax.club.matchplan/-/id/00ES8GNBL0000049VV0AG08LVUPGND5I/mode/PAGE/show-filter/false/show-venues/true/mime-type/HTML/datum-von/2027-04-01/datum-bis/2027-06-30/max/50,,Herren | Kreisliga,011MIARJNS000000VTVG0001VTR8C1K7,Spielgemeinschaft Schönwalde-Perwenitz-Paaren,home,,Spielfrei,"[""Datum oder Anstoßzeit nicht eindeutig lesbar""]"
